"file","concept","hook_id","angle","fmt","colour","ratio","width","height","duration_s","size_kb","template","timeline_ref","frame1_text","end_card_line","ai_label","status","compliance_qa","meta_review","ad_name","render_date"
"C01_employer-cover-gap_1x1_20261002.mp4","C01","H1","employer-cover gap","vid","amb","1x1","1080","1080","22","426","motion-1x1 (code-rendered)","C01.md","Most work life cover stops at 2–4× salary.","Sort your cover. 30 minutes. A real adviser. | Tap to check your cover | DISC-S97-v1: A service of Lead Velocity (Pty) Ltd. No financial advice, product comparisons or premium quotes.","false","rendered","pending","pending","C01_H1_vid-amb_pending","20261002"
"C01_employer-cover-gap_1x1_20261002.png","C01","H1","employer-cover gap","sta","amb","1x1","1080","1080","","26","still (code-rendered)","C01.md","Most work life cover stops at 2–4× salary.","Sort your cover. 30 minutes. A real adviser.","false","rendered","pending","pending","C01_H1_sta-amb_pending","20261002"
"C01_employer-cover-gap_4x5_20261002.mp4","C01","H1","employer-cover gap","vid","amb","4x5","1080","1350","22","497","motion-4x5 (code-rendered)","C01.md","Most work life cover stops at 2–4× salary.","Sort your cover. 30 minutes. A real adviser. | Tap to check your cover | DISC-S97-v1: A service of Lead Velocity (Pty) Ltd. No financial advice, product comparisons or premium quotes.","false","rendered","pending","pending","C01_H1_vid-amb_pending","20261002"
"C01_employer-cover-gap_4x5_20261002.png","C01","H1","employer-cover gap","sta","amb","4x5","1080","1350","","31","still (code-rendered)","C01.md","Most work life cover stops at 2–4× salary.","Sort your cover. 30 minutes. A real adviser.","false","rendered","pending","pending","C01_H1_sta-amb_pending","20261002"
"C01_employer-cover-gap_4x5_6s_20261002.mp4","C01","H1","employer-cover gap","m6","amb","4x5","1080","1350","6","138","6s-motion-still-4x5 (code-rendered)","C01.md","Most work life cover stops at 2–4× salary.","Sort your cover. 30 minutes. A real adviser.","false","rendered","pending","pending","C01_H1_m6-amb_pending","20261002"
"C01_employer-cover-gap_9x16_20261002.mp4","C01","H1","employer-cover gap","vid","amb","9x16","1080","1920","22","554","motion-9x16 (code-rendered)","C01.md","Most work life cover stops at 2–4× salary.","Sort your cover. 30 minutes. A real adviser. | Tap to check your cover | DISC-S97-v1: A service of Lead Velocity (Pty) Ltd. No financial advice, product comparisons or premium quotes.","false","rendered","pending","pending","C01_H1_vid-amb_pending","20261002"
"C01_employer-cover-gap_9x16_20261002.png","C01","H1","employer-cover gap","sta","amb","9x16","1080","1920","","36","still (code-rendered)","C01.md","Most work life cover stops at 2–4× salary.","Sort your cover. 30 minutes. A real adviser.","false","rendered","pending","pending","C01_H1_sta-amb_pending","20261002"
"C01_employer-cover-gap_9x16_20261002.srt","C01","H1","employer-cover gap","srt","amb","9x16","","","22","1","still (code-rendered)","C01.md","Most work life cover stops at 2–4× salary.","Sort your cover. 30 minutes. A real adviser.","false","rendered","pending","pending","C01_H1_srt-amb_pending","20261002"
"C01_employer-cover-gap_teal_1x1_20261002.png","C01","H1","employer-cover gap","sta","teal","1x1","1080","1080","","26","still (code-rendered)","C01.md","Most work life cover stops at 2–4× salary.","Sort your cover. 30 minutes. A real adviser.","false","rendered","pending","pending","C01_H1_sta-teal_pending","20261002"
"C01_employer-cover-gap_teal_4x5_20261002.mp4","C01","H1","employer-cover gap","vid","teal","4x5","1080","1350","22","488","motion-4x5 (code-rendered)","C01.md","Most work life cover stops at 2–4× salary.","Sort your cover. 30 minutes. A real adviser. | Tap to check your cover | DISC-S97-v1: A service of Lead Velocity (Pty) Ltd. No financial advice, product comparisons or premium quotes.","false","rendered","pending","pending","C01_H1_vid-teal_pending","20261002"
"C01_employer-cover-gap_teal_4x5_20261002.png","C01","H1","employer-cover gap","sta","teal","4x5","1080","1350","","31","still (code-rendered)","C01.md","Most work life cover stops at 2–4× salary.","Sort your cover. 30 minutes. A real adviser.","false","rendered","pending","pending","C01_H1_sta-teal_pending","20261002"
"C01_employer-cover-gap_teal_9x16_20261002.mp4","C01","H1","employer-cover gap","vid","teal","9x16","1080","1920","22","534","motion-9x16 (code-rendered)","C01.md","Most work life cover stops at 2–4× salary.","Sort your cover. 30 minutes. A real adviser. | Tap to check your cover | DISC-S97-v1: A service of Lead Velocity (Pty) Ltd. No financial advice, product comparisons or premium quotes.","false","rendered","pending","pending","C01_H1_vid-teal_pending","20261002"
"C01_employer-cover-gap_teal_9x16_20261002.png","C01","H1","employer-cover gap","sta","teal","9x16","1080","1920","","36","still (code-rendered)","C01.md","Most work life cover stops at 2–4× salary.","Sort your cover. 30 minutes. A real adviser.","false","rendered","pending","pending","C01_H1_sta-teal_pending","20261002"
"C01_employer-cover-gap_teal_9x16_20261002.srt","C01","H1","employer-cover gap","srt","teal","9x16","","","22","1","still (code-rendered)","C01.md","Most work life cover stops at 2–4× salary.","Sort your cover. 30 minutes. A real adviser.","false","rendered","pending","pending","C01_H1_srt-teal_pending","20261002"
"C02_employer-cover-gap_h12_1x1_20261002.png","C02","H12","employer-cover gap","sta","amb","1x1","1080","1080","","24","still (code-rendered)","C02.md","3 lines on a payslip worth a look.","Sort your cover. 30 minutes. A real adviser.","false","rendered","pending","pending","C02_H12_sta-amb_pending","20261002"
"C02_employer-cover-gap_h12_4x5_20261002.png","C02","H12","employer-cover gap","sta","amb","4x5","1080","1350","","29","still (code-rendered)","C02.md","3 lines on a payslip worth a look.","Sort your cover. 30 minutes. A real adviser.","false","rendered","pending","pending","C02_H12_sta-amb_pending","20261002"
"C02_employer-cover-gap_h12_4x5_6s_20261002.mp4","C02","H12","employer-cover gap","m6","amb","4x5","1080","1350","6","71","6s-motion-still-4x5 (code-rendered)","C02.md","3 lines on a payslip worth a look.","Sort your cover. 30 minutes. A real adviser.","false","rendered","pending","pending","C02_H12_m6-amb_pending","20261002"
"C02_employer-cover-gap_h12_9x16_20261002.mp4","C02","H12","employer-cover gap","vid","amb","9x16","1080","1920","18","469","motion-9x16 (code-rendered)","C02.md","3 lines on a payslip worth a look.","Sort your cover. 30 minutes. A real adviser. | Tap to check your cover | DISC-S97-v1: A service of Lead Velocity (Pty) Ltd. No financial advice, product comparisons or premium quotes.","false","rendered","pending","pending","C02_H12_vid-amb_pending","20261002"
"C02_employer-cover-gap_h12_9x16_20261002.png","C02","H12","employer-cover gap","sta","amb","9x16","1080","1920","","33","still (code-rendered)","C02.md","3 lines on a payslip worth a look.","Sort your cover. 30 minutes. A real adviser.","false","rendered","pending","pending","C02_H12_sta-amb_pending","20261002"
"C02_employer-cover-gap_h12_9x16_20261002.srt","C02","H12","employer-cover gap","srt","amb","9x16","","","18","1","still (code-rendered)","C02.md","3 lines on a payslip worth a look.","Sort your cover. 30 minutes. A real adviser.","false","rendered","pending","pending","C02_H12_srt-amb_pending","20261002"
"C02_employer-cover-gap_h2_1x1_20261002.png","C02","H2","employer-cover gap","sta","amb","1x1","1080","1080","","20","still (code-rendered)","C02.md","R1.4m bond 3× salary cover = ?","Sort your cover. 30 minutes. A real adviser.","false","hold","pending","pending","C02_H2_sta-amb_pending","20261002"
"C02_employer-cover-gap_h2_4x5_20261002.png","C02","H2","employer-cover gap","sta","amb","4x5","1080","1350","","23","still (code-rendered)","C02.md","R1.4m bond 3× salary cover = ?","Sort your cover. 30 minutes. A real adviser.","false","hold","pending","pending","C02_H2_sta-amb_pending","20261002"
"C02_employer-cover-gap_h2_9x16_20261002.mp4","C02","H2","employer-cover gap","vid","amb","9x16","1080","1920","15","369","motion-9x16 (code-rendered)","C02.md","R1.4m bond 3× salary cover = ?","Sort your cover. 30 minutes. A real adviser. | Tap to check your cover | DISC-S97-v1: A service of Lead Velocity (Pty) Ltd. No financial advice, product comparisons or premium quotes.","false","hold","pending","pending","C02_H2_vid-amb_pending","20261002"
"C02_employer-cover-gap_h2_9x16_20261002.png","C02","H2","employer-cover gap","sta","amb","9x16","1080","1920","","26","still (code-rendered)","C02.md","R1.4m bond 3× salary cover = ?","Sort your cover. 30 minutes. A real adviser.","false","hold","pending","pending","C02_H2_sta-amb_pending","20261002"
"C02_employer-cover-gap_h2_9x16_20261002.srt","C02","H2","employer-cover gap","srt","amb","9x16","","","15","0","still (code-rendered)","C02.md","R1.4m bond 3× salary cover = ?","Sort your cover. 30 minutes. A real adviser.","false","hold","pending","pending","C02_H2_srt-amb_pending","20261002"
"C03_trigger-new-bond_1x1_20261002.mp4","C03","H3","trigger: new bond","vid","amb","1x1","1080","1080","22","487","motion-1x1 (code-rendered)","C03.md","Bond approved Champagne open Cover checked?","Sort your cover. 30 minutes. A real adviser. | Tap to check your cover | DISC-S97-v1: A service of Lead Velocity (Pty) Ltd. No financial advice, product comparisons or premium quotes.","false","rendered","pending","pending","C03_H3_vid-amb_pending","20261002"
"C03_trigger-new-bond_1x1_20261002.png","C03","H3","trigger: new bond","sta","amb","1x1","1080","1080","","26","still (code-rendered)","C03.md","Bond approved Champagne open Cover checked?","Sort your cover. 30 minutes. A real adviser.","false","rendered","pending","pending","C03_H3_sta-amb_pending","20261002"
"C03_trigger-new-bond_4x5_20261002.mp4","C03","H3","trigger: new bond","vid","amb","4x5","1080","1350","22","559","motion-4x5 (code-rendered)","C03.md","Bond approved Champagne open Cover checked?","Sort your cover. 30 minutes. A real adviser. | Tap to check your cover | DISC-S97-v1: A service of Lead Velocity (Pty) Ltd. No financial advice, product comparisons or premium quotes.","false","rendered","pending","pending","C03_H3_vid-amb_pending","20261002"
"C03_trigger-new-bond_4x5_20261002.png","C03","H3","trigger: new bond","sta","amb","4x5","1080","1350","","29","still (code-rendered)","C03.md","Bond approved Champagne open Cover checked?","Sort your cover. 30 minutes. A real adviser.","false","rendered","pending","pending","C03_H3_sta-amb_pending","20261002"
"C03_trigger-new-bond_9x16_20261002.mp4","C03","H3","trigger: new bond","vid","amb","9x16","1080","1920","22","634","motion-9x16 (code-rendered)","C03.md","Bond approved Champagne open Cover checked?","Sort your cover. 30 minutes. A real adviser. | Tap to check your cover | DISC-S97-v1: A service of Lead Velocity (Pty) Ltd. No financial advice, product comparisons or premium quotes.","false","rendered","pending","pending","C03_H3_vid-amb_pending","20261002"
"C03_trigger-new-bond_9x16_20261002.png","C03","H3","trigger: new bond","sta","amb","9x16","1080","1920","","30","still (code-rendered)","C03.md","Bond approved Champagne open Cover checked?","Sort your cover. 30 minutes. A real adviser.","false","rendered","pending","pending","C03_H3_sta-amb_pending","20261002"
"C03_trigger-new-bond_9x16_20261002.srt","C03","H3","trigger: new bond","srt","amb","9x16","","","22","1","still (code-rendered)","C03.md","Bond approved Champagne open Cover checked?","Sort your cover. 30 minutes. A real adviser.","false","rendered","pending","pending","C03_H3_srt-amb_pending","20261002"
"C04_trigger-new-baby_1x1_20261002.png","C04","H4","trigger: new baby","sta","amb","1x1","1080","1080","","25","still (code-rendered)","C04.md","New baby. New bond. Same old cover?","Sort your cover. 30 minutes. A real adviser.","false","rendered","pending","pending","C04_H4_sta-amb_pending","20261002"
"C04_trigger-new-baby_1x1_card1_20261002.png","C04","H4","trigger: new baby","sta","amb","1x1","1080","1080","","12","still (code-rendered)","C04.md","New baby. New bond. Same old cover?","Sort your cover. 30 minutes. A real adviser.","false","rendered","pending","pending","C04_H4_sta-amb_pending","20261002"
"C04_trigger-new-baby_1x1_card2_20261002.png","C04","H4","trigger: new baby","sta","amb","1x1","1080","1080","","11","still (code-rendered)","C04.md","New baby. New bond. Same old cover?","Sort your cover. 30 minutes. A real adviser.","false","rendered","pending","pending","C04_H4_sta-amb_pending","20261002"
"C04_trigger-new-baby_1x1_card3_20261002.png","C04","H4","trigger: new baby","sta","amb","1x1","1080","1080","","18","still (code-rendered)","C04.md","New baby. New bond. Same old cover?","Sort your cover. 30 minutes. A real adviser.","false","rendered","pending","pending","C04_H4_sta-amb_pending","20261002"
"C04_trigger-new-baby_1x1_card4_20261002.png","C04","H4","trigger: new baby","sta","amb","1x1","1080","1080","","28","still (code-rendered)","C04.md","New baby. New bond. Same old cover?","Sort your cover. 30 minutes. A real adviser. | Tap to check your cover | DISC-S97-v1: A service of Lead Velocity (Pty) Ltd. No financial advice, product comparisons or premium quotes.","false","rendered","pending","pending","C04_H4_sta-amb_pending","20261002"
"C04_trigger-new-baby_4x5_20261002.mp4","C04","H4","trigger: new baby","vid","amb","4x5","1080","1350","18","456","motion-4x5 (code-rendered)","C04.md","New baby. New bond. Same old cover?","Sort your cover. 30 minutes. A real adviser. | Tap to check your cover | DISC-S97-v1: A service of Lead Velocity (Pty) Ltd. No financial advice, product comparisons or premium quotes.","false","rendered","pending","pending","C04_H4_vid-amb_pending","20261002"
"C04_trigger-new-baby_4x5_20261002.png","C04","H4","trigger: new baby","sta","amb","4x5","1080","1350","","30","still (code-rendered)","C04.md","New baby. New bond. Same old cover?","Sort your cover. 30 minutes. A real adviser.","false","rendered","pending","pending","C04_H4_sta-amb_pending","20261002"
"C04_trigger-new-baby_9x16_20261002.mp4","C04","H4","trigger: new baby","vid","amb","9x16","1080","1920","18","510","motion-9x16 (code-rendered)","C04.md","New baby. New bond. Same old cover?","Sort your cover. 30 minutes. A real adviser. | Tap to check your cover | DISC-S97-v1: A service of Lead Velocity (Pty) Ltd. No financial advice, product comparisons or premium quotes.","false","rendered","pending","pending","C04_H4_vid-amb_pending","20261002"
"C04_trigger-new-baby_9x16_20261002.png","C04","H4","trigger: new baby","sta","amb","9x16","1080","1920","","33","still (code-rendered)","C04.md","New baby. New bond. Same old cover?","Sort your cover. 30 minutes. A real adviser.","false","rendered","pending","pending","C04_H4_sta-amb_pending","20261002"
"C04_trigger-new-baby_9x16_20261002.srt","C04","H4","trigger: new baby","srt","amb","9x16","","","18","1","still (code-rendered)","C04.md","New baby. New bond. Same old cover?","Sort your cover. 30 minutes. A real adviser.","false","rendered","pending","pending","C04_H4_srt-amb_pending","20261002"
"C05_trigger-turned-40_1x1_20261002.png","C05","H5","trigger: turned 40","sta","amb","1x1","1080","1080","","24","still (code-rendered)","C05.md","Cover set up at 28. Life at 40.","Sort your cover. 30 minutes. A real adviser.","false","rendered","pending","pending","C05_H5_sta-amb_pending","20261002"
"C05_trigger-turned-40_4x5_20261002.mp4","C05","H5","trigger: turned 40","vid","amb","4x5","1080","1350","20","482","motion-4x5 (code-rendered)","C05.md","Cover set up at 28. Life at 40.","Sort your cover. 30 minutes. A real adviser. | Tap to check your cover | DISC-S97-v1: A service of Lead Velocity (Pty) Ltd. No financial advice, product comparisons or premium quotes.","false","rendered","pending","pending","C05_H5_vid-amb_pending","20261002"
"C05_trigger-turned-40_4x5_20261002.png","C05","H5","trigger: turned 40","sta","amb","4x5","1080","1350","","28","still (code-rendered)","C05.md","Cover set up at 28. Life at 40.","Sort your cover. 30 minutes. A real adviser.","false","rendered","pending","pending","C05_H5_sta-amb_pending","20261002"
"C05_trigger-turned-40_9x16_20261002.mp4","C05","H5","trigger: turned 40","vid","amb","9x16","1080","1920","20","521","motion-9x16 (code-rendered)","C05.md","Cover set up at 28. Life at 40.","Sort your cover. 30 minutes. A real adviser. | Tap to check your cover | DISC-S97-v1: A service of Lead Velocity (Pty) Ltd. No financial advice, product comparisons or premium quotes.","false","rendered","pending","pending","C05_H5_vid-amb_pending","20261002"
"C05_trigger-turned-40_9x16_20261002.png","C05","H5","trigger: turned 40","sta","amb","9x16","1080","1920","","32","still (code-rendered)","C05.md","Cover set up at 28. Life at 40.","Sort your cover. 30 minutes. A real adviser.","false","rendered","pending","pending","C05_H5_sta-amb_pending","20261002"
"C05_trigger-turned-40_9x16_20261002.srt","C05","H5","trigger: turned 40","srt","amb","9x16","","","20","1","still (code-rendered)","C05.md","Cover set up at 28. Life at 40.","Sort your cover. 30 minutes. A real adviser.","false","rendered","pending","pending","C05_H5_srt-amb_pending","20261002"
"C06_extended-family-responsibility_1x1_20261002.png","C06","H9","extended-family responsibility","sta","amb","1x1","1080","1080","","27","still (code-rendered)","C06.md","Many families carry more than one household.","Sort your cover. 30 minutes. A real adviser.","false","rendered","pending","pending","C06_H9_sta-amb_pending","20261002"
"C06_extended-family-responsibility_4x5_20261002.mp4","C06","H9","extended-family responsibility","vid","amb","4x5","1080","1350","20.5","488","motion-4x5 (code-rendered)","C06.md","Many families carry more than one household.","Sort your cover. 30 minutes. A real adviser. | Tap to check your cover | DISC-S97-v1: A service of Lead Velocity (Pty) Ltd. No financial advice, product comparisons or premium quotes.","false","rendered","pending","pending","C06_H9_vid-amb_pending","20261002"
"C06_extended-family-responsibility_4x5_20261002.png","C06","H9","extended-family responsibility","sta","amb","4x5","1080","1350","","31","still (code-rendered)","C06.md","Many families carry more than one household.","Sort your cover. 30 minutes. A real adviser.","false","rendered","pending","pending","C06_H9_sta-amb_pending","20261002"
"C06_extended-family-responsibility_9x16_20261002.mp4","C06","H9","extended-family responsibility","vid","amb","9x16","1080","1920","20.5","546","motion-9x16 (code-rendered)","C06.md","Many families carry more than one household.","Sort your cover. 30 minutes. A real adviser. | Tap to check your cover | DISC-S97-v1: A service of Lead Velocity (Pty) Ltd. No financial advice, product comparisons or premium quotes.","false","rendered","pending","pending","C06_H9_vid-amb_pending","20261002"
"C06_extended-family-responsibility_9x16_20261002.png","C06","H9","extended-family responsibility","sta","amb","9x16","1080","1920","","34","still (code-rendered)","C06.md","Many families carry more than one household.","Sort your cover. 30 minutes. A real adviser.","false","rendered","pending","pending","C06_H9_sta-amb_pending","20261002"
"C06_extended-family-responsibility_9x16_20261002.srt","C06","H9","extended-family responsibility","srt","amb","9x16","","","20.5","1","still (code-rendered)","C06.md","Many families carry more than one household.","Sort your cover. 30 minutes. A real adviser.","false","rendered","pending","pending","C06_H9_srt-amb_pending","20261002"
"C07_extended-family-responsibility_1x1_20261002.png","C07","H13","extended-family responsibility","sta","amb","1x1","1080","1080","","28","still (code-rendered)","C07.md","Parents, kids, a sister's fees. One payslip.","Sort your cover. 30 minutes. A real adviser.","false","rendered","pending","pending","C07_H13_sta-amb_pending","20261002"
"C07_extended-family-responsibility_4x5_20261002.png","C07","H13","extended-family responsibility","sta","amb","4x5","1080","1350","","33","still (code-rendered)","C07.md","Parents, kids, a sister's fees. One payslip.","Sort your cover. 30 minutes. A real adviser.","false","rendered","pending","pending","C07_H13_sta-amb_pending","20261002"
"C07_extended-family-responsibility_9x16_20261002.mp4","C07","H13","extended-family responsibility","vid","amb","9x16","1080","1920","20","588","motion-9x16 (code-rendered)","C07.md","Parents, kids, a sister's fees. One payslip.","Sort your cover. 30 minutes. A real adviser. | Tap to check your cover | DISC-S97-v1: A service of Lead Velocity (Pty) Ltd. No financial advice, product comparisons or premium quotes.","false","rendered","pending","pending","C07_H13_vid-amb_pending","20261002"
"C07_extended-family-responsibility_9x16_20261002.png","C07","H13","extended-family responsibility","sta","amb","9x16","1080","1920","","38","still (code-rendered)","C07.md","Parents, kids, a sister's fees. One payslip.","Sort your cover. 30 minutes. A real adviser.","false","rendered","pending","pending","C07_H13_sta-amb_pending","20261002"
"C07_extended-family-responsibility_9x16_20261002.srt","C07","H13","extended-family responsibility","srt","amb","9x16","","","20","1","still (code-rendered)","C07.md","Parents, kids, a sister's fees. One payslip.","Sort your cover. 30 minutes. A real adviser.","false","rendered","pending","pending","C07_H13_srt-amb_pending","20261002"
"C08_virtual-convenience_1x1_20261002.png","C08","H6","virtual convenience","sta","amb","1x1","1080","1080","","19","still (code-rendered)","C08.md","No sales visit. No jargon. 30 minutes.","Sort your cover. 30 minutes. A real adviser.","false","rendered","pending","pending","C08_H6_sta-amb_pending","20261002"
"C08_virtual-convenience_4x5_20261002.mp4","C08","H6","virtual convenience","vid","amb","4x5","1080","1350","17","478","motion-4x5 (code-rendered)","C08.md","No sales visit. No jargon. 30 minutes.","Sort your cover. 30 minutes. A real adviser. | Tap to check your cover | DISC-S97-v1: A service of Lead Velocity (Pty) Ltd. No financial advice, product comparisons or premium quotes.","false","rendered","pending","pending","C08_H6_vid-amb_pending","20261002"
"C08_virtual-convenience_4x5_20261002.png","C08","H6","virtual convenience","sta","amb","4x5","1080","1350","","22","still (code-rendered)","C08.md","No sales visit. No jargon. 30 minutes.","Sort your cover. 30 minutes. A real adviser.","false","rendered","pending","pending","C08_H6_sta-amb_pending","20261002"
"C08_virtual-convenience_4x5_6s_20261002.mp4","C08","H6","virtual convenience","m6","amb","4x5","1080","1350","6","139","6s-motion-still-4x5 (code-rendered)","C08.md","No sales visit. No jargon. 30 minutes.","Sort your cover. 30 minutes. A real adviser.","false","rendered","pending","pending","C08_H6_m6-amb_pending","20261002"
"C08_virtual-convenience_9x16_20261002.mp4","C08","H6","virtual convenience","vid","amb","9x16","1080","1920","17","531","motion-9x16 (code-rendered)","C08.md","No sales visit. No jargon. 30 minutes.","Sort your cover. 30 minutes. A real adviser. | Tap to check your cover | DISC-S97-v1: A service of Lead Velocity (Pty) Ltd. No financial advice, product comparisons or premium quotes.","false","rendered","pending","pending","C08_H6_vid-amb_pending","20261002"
"C08_virtual-convenience_9x16_20261002.png","C08","H6","virtual convenience","sta","amb","9x16","1080","1920","","25","still (code-rendered)","C08.md","No sales visit. No jargon. 30 minutes.","Sort your cover. 30 minutes. A real adviser.","false","rendered","pending","pending","C08_H6_sta-amb_pending","20261002"
"C08_virtual-convenience_9x16_20261002.srt","C08","H6","virtual convenience","srt","amb","9x16","","","17","1","still (code-rendered)","C08.md","No sales visit. No jargon. 30 minutes.","Sort your cover. 30 minutes. A real adviser.","false","rendered","pending","pending","C08_H6_srt-amb_pending","20261002"
"C09_virtual-convenience_1x1_20261002.png","C09","H14","virtual convenience","sta","amb","1x1","1080","1080","","26","still (code-rendered)","C09.md","Lunch break. Phone or video. 30 minutes.","Sort your cover. 30 minutes. A real adviser.","false","rendered","pending","pending","C09_H14_sta-amb_pending","20261002"
"C09_virtual-convenience_4x5_20261002.png","C09","H14","virtual convenience","sta","amb","4x5","1080","1350","","30","still (code-rendered)","C09.md","Lunch break. Phone or video. 30 minutes.","Sort your cover. 30 minutes. A real adviser.","false","rendered","pending","pending","C09_H14_sta-amb_pending","20261002"
"C09_virtual-convenience_9x16_20261002.mp4","C09","H14","virtual convenience","vid","amb","9x16","1080","1920","18","486","motion-9x16 (code-rendered)","C09.md","Lunch break. Phone or video. 30 minutes.","Sort your cover. 30 minutes. A real adviser. | Tap to check your cover | DISC-S97-v1: A service of Lead Velocity (Pty) Ltd. No financial advice, product comparisons or premium quotes.","false","rendered","pending","pending","C09_H14_vid-amb_pending","20261002"
"C09_virtual-convenience_9x16_20261002.png","C09","H14","virtual convenience","sta","amb","9x16","1080","1920","","33","still (code-rendered)","C09.md","Lunch break. Phone or video. 30 minutes.","Sort your cover. 30 minutes. A real adviser.","false","rendered","pending","pending","C09_H14_sta-amb_pending","20261002"
"C09_virtual-convenience_9x16_20261002.srt","C09","H14","virtual convenience","srt","amb","9x16","","","18","1","still (code-rendered)","C09.md","Lunch break. Phone or video. 30 minutes.","Sort your cover. 30 minutes. A real adviser.","false","rendered","pending","pending","C09_H14_srt-amb_pending","20261002"
"C10_self-employed-no-group-cover_1x1_20261002.png","C10","H7","self-employed / no group cover","sta","amb","1x1","1080","1080","","20","still (code-rendered)","C10.md","No boss. No payslip. No group cover.","Sort your cover. 30 minutes. A real adviser.","false","rendered","pending","pending","C10_H7_sta-amb_pending","20261002"
"C10_self-employed-no-group-cover_4x5_20261002.mp4","C10","H7","self-employed / no group cover","vid","amb","4x5","1080","1350","18","466","motion-4x5 (code-rendered)","C10.md","No boss. No payslip. No group cover.","Sort your cover. 30 minutes. A real adviser. | Tap to check your cover | DISC-S97-v1: A service of Lead Velocity (Pty) Ltd. No financial advice, product comparisons or premium quotes.","false","rendered","pending","pending","C10_H7_vid-amb_pending","20261002"
"C10_self-employed-no-group-cover_4x5_20261002.png","C10","H7","self-employed / no group cover","sta","amb","4x5","1080","1350","","24","still (code-rendered)","C10.md","No boss. No payslip. No group cover.","Sort your cover. 30 minutes. A real adviser.","false","rendered","pending","pending","C10_H7_sta-amb_pending","20261002"
"C10_self-employed-no-group-cover_9x16_20261002.mp4","C10","H7","self-employed / no group cover","vid","amb","9x16","1080","1920","18","532","motion-9x16 (code-rendered)","C10.md","No boss. No payslip. No group cover.","Sort your cover. 30 minutes. A real adviser. | Tap to check your cover | DISC-S97-v1: A service of Lead Velocity (Pty) Ltd. No financial advice, product comparisons or premium quotes.","false","rendered","pending","pending","C10_H7_vid-amb_pending","20261002"
"C10_self-employed-no-group-cover_9x16_20261002.png","C10","H7","self-employed / no group cover","sta","amb","9x16","1080","1920","","27","still (code-rendered)","C10.md","No boss. No payslip. No group cover.","Sort your cover. 30 minutes. A real adviser.","false","rendered","pending","pending","C10_H7_sta-amb_pending","20261002"
"C10_self-employed-no-group-cover_9x16_20261002.srt","C10","H7","self-employed / no group cover","srt","amb","9x16","","","18","1","still (code-rendered)","C10.md","No boss. No payslip. No group cover.","Sort your cover. 30 minutes. A real adviser.","false","rendered","pending","pending","C10_H7_srt-amb_pending","20261002"
"C11_self-employed-no-group-cover_1x1_20261002.png","C11","H15","self-employed / no group cover","sta","amb","1x1","1080","1080","","27","still (code-rendered)","C11.md","Business owners: nobody sets up their cover.","Sort your cover. 30 minutes. A real adviser.","false","rendered","pending","pending","C11_H15_sta-amb_pending","20261002"
"C11_self-employed-no-group-cover_4x5_20261002.png","C11","H15","self-employed / no group cover","sta","amb","4x5","1080","1350","","31","still (code-rendered)","C11.md","Business owners: nobody sets up their cover.","Sort your cover. 30 minutes. A real adviser.","false","rendered","pending","pending","C11_H15_sta-amb_pending","20261002"
"C11_self-employed-no-group-cover_9x16_20261002.mp4","C11","H15","self-employed / no group cover","vid","amb","9x16","1080","1920","18","494","motion-9x16 (code-rendered)","C11.md","Business owners: nobody sets up their cover.","Sort your cover. 30 minutes. A real adviser. | Tap to check your cover | DISC-S97-v1: A service of Lead Velocity (Pty) Ltd. No financial advice, product comparisons or premium quotes.","false","rendered","pending","pending","C11_H15_vid-amb_pending","20261002"
"C11_self-employed-no-group-cover_9x16_20261002.png","C11","H15","self-employed / no group cover","sta","amb","9x16","1080","1920","","35","still (code-rendered)","C11.md","Business owners: nobody sets up their cover.","Sort your cover. 30 minutes. A real adviser.","false","rendered","pending","pending","C11_H15_sta-amb_pending","20261002"
"C11_self-employed-no-group-cover_9x16_20261002.srt","C11","H15","self-employed / no group cover","srt","amb","9x16","","","18","1","still (code-rendered)","C11.md","Business owners: nobody sets up their cover.","Sort your cover. 30 minutes. A real adviser.","false","rendered","pending","pending","C11_H15_srt-amb_pending","20261002"
"C12_myth-bust_h18_1x1_20261002.png","C12","H18","myth-bust","sta","amb","1x1","1080","1080","","21","still (code-rendered)","C12.md","No price in this ad. On purpose.","Sort your cover. 30 minutes. A real adviser.","false","rendered","pending","pending","C12_H18_sta-amb_pending","20261002"
"C12_myth-bust_h18_4x5_20261002.png","C12","H18","myth-bust","sta","amb","4x5","1080","1350","","24","still (code-rendered)","C12.md","No price in this ad. On purpose.","Sort your cover. 30 minutes. A real adviser.","false","rendered","pending","pending","C12_H18_sta-amb_pending","20261002"
"C12_myth-bust_h18_4x5_6s_20261002.mp4","C12","H18","myth-bust","m6","amb","4x5","1080","1350","6","110","6s-motion-still-4x5 (code-rendered)","C12.md","No price in this ad. On purpose.","Sort your cover. 30 minutes. A real adviser.","false","rendered","pending","pending","C12_H18_m6-amb_pending","20261002"
"C12_myth-bust_h18_9x16_20261002.mp4","C12","H18","myth-bust","vid","amb","9x16","1080","1920","18","496","motion-9x16 (code-rendered)","C12.md","No price in this ad. On purpose.","Sort your cover. 30 minutes. A real adviser. | Tap to check your cover | DISC-S97-v1: A service of Lead Velocity (Pty) Ltd. No financial advice, product comparisons or premium quotes.","false","rendered","pending","pending","C12_H18_vid-amb_pending","20261002"
"C12_myth-bust_h18_9x16_20261002.png","C12","H18","myth-bust","sta","amb","9x16","1080","1920","","27","still (code-rendered)","C12.md","No price in this ad. On purpose.","Sort your cover. 30 minutes. A real adviser.","false","rendered","pending","pending","C12_H18_sta-amb_pending","20261002"
"C12_myth-bust_h18_9x16_20261002.srt","C12","H18","myth-bust","srt","amb","9x16","","","18","1","still (code-rendered)","C12.md","No price in this ad. On purpose.","Sort your cover. 30 minutes. A real adviser.","false","rendered","pending","pending","C12_H18_srt-amb_pending","20261002"
"C12_myth-bust_h8_1x1_20261002.png","C12","H8","myth-bust","sta","amb","1x1","1080","1080","","23","still (code-rendered)","C12.md","Life cover costs less than most people think.","Sort your cover. 30 minutes. A real adviser.","false","hold","pending","pending","C12_H8_sta-amb_pending","20261002"
"C12_myth-bust_h8_4x5_20261002.png","C12","H8","myth-bust","sta","amb","4x5","1080","1350","","26","still (code-rendered)","C12.md","Life cover costs less than most people think.","Sort your cover. 30 minutes. A real adviser.","false","hold","pending","pending","C12_H8_sta-amb_pending","20261002"
"C12_myth-bust_h8_9x16_20261002.mp4","C12","H8","myth-bust","vid","amb","9x16","1080","1920","18","514","motion-9x16 (code-rendered)","C12.md","Life cover costs less than most people think.","Sort your cover. 30 minutes. A real adviser. | Tap to check your cover | DISC-S97-v1: A service of Lead Velocity (Pty) Ltd. No financial advice, product comparisons or premium quotes.","false","hold","pending","pending","C12_H8_vid-amb_pending","20261002"
"C12_myth-bust_h8_9x16_20261002.png","C12","H8","myth-bust","sta","amb","9x16","1080","1920","","30","still (code-rendered)","C12.md","Life cover costs less than most people think.","Sort your cover. 30 minutes. A real adviser.","false","hold","pending","pending","C12_H8_sta-amb_pending","20261002"
"C12_myth-bust_h8_9x16_20261002.srt","C12","H8","myth-bust","srt","amb","9x16","","","18","1","still (code-rendered)","C12.md","Life cover costs less than most people think.","Sort your cover. 30 minutes. A real adviser.","false","hold","pending","pending","C12_H8_srt-amb_pending","20261002"
"C13_myth-bust_1x1_20261002.png","C13","H16","myth-bust","sta","amb","1x1","1080","1080","","29","still (code-rendered)","C13.md","Checking cover is not the same as buying.","Sort your cover. 30 minutes. A real adviser.","false","rendered","pending","pending","C13_H16_sta-amb_pending","20261002"
"C13_myth-bust_4x5_20261002.mp4","C13","H16","myth-bust","vid","amb","4x5","1080","1350","15.5","380","motion-4x5 (code-rendered)","C13.md","Checking cover is not the same as buying.","Sort your cover. 30 minutes. A real adviser. | Tap to check your cover | DISC-S97-v1: A service of Lead Velocity (Pty) Ltd. No financial advice, product comparisons or premium quotes.","false","rendered","pending","pending","C13_H16_vid-amb_pending","20261002"
"C13_myth-bust_4x5_20261002.png","C13","H16","myth-bust","sta","amb","4x5","1080","1350","","34","still (code-rendered)","C13.md","Checking cover is not the same as buying.","Sort your cover. 30 minutes. A real adviser.","false","rendered","pending","pending","C13_H16_sta-amb_pending","20261002"
"C13_myth-bust_9x16_20261002.mp4","C13","H16","myth-bust","vid","amb","9x16","1080","1920","15.5","422","motion-9x16 (code-rendered)","C13.md","Checking cover is not the same as buying.","Sort your cover. 30 minutes. A real adviser. | Tap to check your cover | DISC-S97-v1: A service of Lead Velocity (Pty) Ltd. No financial advice, product comparisons or premium quotes.","false","rendered","pending","pending","C13_H16_vid-amb_pending","20261002"
"C13_myth-bust_9x16_20261002.png","C13","H16","myth-bust","sta","amb","9x16","1080","1920","","37","still (code-rendered)","C13.md","Checking cover is not the same as buying.","Sort your cover. 30 minutes. A real adviser.","false","rendered","pending","pending","C13_H16_sta-amb_pending","20261002"
"C13_myth-bust_9x16_20261002.srt","C13","H16","myth-bust","srt","amb","9x16","","","15.5","1","still (code-rendered)","C13.md","Checking cover is not the same as buying.","Sort your cover. 30 minutes. A real adviser.","false","rendered","pending","pending","C13_H16_srt-amb_pending","20261002"
"C14_what-the-call-is_1x1_20261002.mp4","C14","H10","what the call is","vid","amb","1x1","1080","1080","28","537","motion-1x1 (code-rendered)","C14.md","Here's exactly what happens on the call.","Sort your cover. 30 minutes. A real adviser. | Tap to check your cover | DISC-S97-v1: A service of Lead Velocity (Pty) Ltd. No financial advice, product comparisons or premium quotes.","false","rendered","pending","pending","C14_H10_vid-amb_pending","20261002"
"C14_what-the-call-is_1x1_20261002.png","C14","H10","what the call is","sta","amb","1x1","1080","1080","","25","still (code-rendered)","C14.md","Here's exactly what happens on the call.","Sort your cover. 30 minutes. A real adviser.","false","rendered","pending","pending","C14_H10_sta-amb_pending","20261002"
"C14_what-the-call-is_4x5_20261002.mp4","C14","H10","what the call is","vid","amb","4x5","1080","1350","28","636","motion-4x5 (code-rendered)","C14.md","Here's exactly what happens on the call.","Sort your cover. 30 minutes. A real adviser. | Tap to check your cover | DISC-S97-v1: A service of Lead Velocity (Pty) Ltd. No financial advice, product comparisons or premium quotes.","false","rendered","pending","pending","C14_H10_vid-amb_pending","20261002"
"C14_what-the-call-is_4x5_20261002.png","C14","H10","what the call is","sta","amb","4x5","1080","1350","","29","still (code-rendered)","C14.md","Here's exactly what happens on the call.","Sort your cover. 30 minutes. A real adviser.","false","rendered","pending","pending","C14_H10_sta-amb_pending","20261002"
"C14_what-the-call-is_9x16_20261002.mp4","C14","H10","what the call is","vid","amb","9x16","1080","1920","28","706","motion-9x16 (code-rendered)","C14.md","Here's exactly what happens on the call.","Sort your cover. 30 minutes. A real adviser. | Tap to check your cover | DISC-S97-v1: A service of Lead Velocity (Pty) Ltd. No financial advice, product comparisons or premium quotes.","false","rendered","pending","pending","C14_H10_vid-amb_pending","20261002"
"C14_what-the-call-is_9x16_20261002.png","C14","H10","what the call is","sta","amb","9x16","1080","1920","","34","still (code-rendered)","C14.md","Here's exactly what happens on the call.","Sort your cover. 30 minutes. A real adviser.","false","rendered","pending","pending","C14_H10_sta-amb_pending","20261002"
"C14_what-the-call-is_9x16_20261002.srt","C14","H10","what the call is","srt","amb","9x16","","","28","1","still (code-rendered)","C14.md","Here's exactly what happens on the call.","Sort your cover. 30 minutes. A real adviser.","false","rendered","pending","pending","C14_H10_srt-amb_pending","20261002"
"C15_what-the-call-is_1x1_20261002.png","C15","H17","what the call is","sta","amb","1x1","1080","1080","","25","still (code-rendered)","C15.md","Real numbers. A licensed adviser. Decide after.","Sort your cover. 30 minutes. A real adviser.","false","rendered","pending","pending","C15_H17_sta-amb_pending","20261002"
"C15_what-the-call-is_4x5_20261002.png","C15","H17","what the call is","sta","amb","4x5","1080","1350","","30","still (code-rendered)","C15.md","Real numbers. A licensed adviser. Decide after.","Sort your cover. 30 minutes. A real adviser.","false","rendered","pending","pending","C15_H17_sta-amb_pending","20261002"
"C15_what-the-call-is_9x16_20261002.mp4","C15","H17","what the call is","vid","amb","9x16","1080","1920","17.5","453","motion-9x16 (code-rendered)","C15.md","Real numbers. A licensed adviser. Decide after.","Sort your cover. 30 minutes. A real adviser. | Tap to check your cover | DISC-S97-v1: A service of Lead Velocity (Pty) Ltd. No financial advice, product comparisons or premium quotes.","false","rendered","pending","pending","C15_H17_vid-amb_pending","20261002"
"C15_what-the-call-is_9x16_20261002.png","C15","H17","what the call is","sta","amb","9x16","1080","1920","","33","still (code-rendered)","C15.md","Real numbers. A licensed adviser. Decide after.","Sort your cover. 30 minutes. A real adviser.","false","rendered","pending","pending","C15_H17_sta-amb_pending","20261002"
"C15_what-the-call-is_9x16_20261002.srt","C15","H17","what the call is","srt","amb","9x16","","","17.5","1","still (code-rendered)","C15.md","Real numbers. A licensed adviser. Decide after.","Sort your cover. 30 minutes. A real adviser.","false","rendered","pending","pending","C15_H17_srt-amb_pending","20261002"
