batch,order,gate,campaign,ad_set,ad_name,concept,hook_id,angle,format,colour,concept_status,asset_9x16_video,asset_4x5_video,fallback_feed_asset,landing_url,landing_page_status,instant_form,cta_button,cta_endcard,headline,notes
1-trio,1,GATE-ADS-APPROVE-3,SMC_A_LEADS-IF_ZA_c1,SMC_A_BROAD_ZA_35-50,C01_H1_vid-amb_{UPLOAD_YYYYMMDD},C01,H1,employer-cover gap,vid,amb,approved-cycle1; submit-first; condition: 2-4x salary source in verified-facts.md (NH-PCD-01),C01_employer-cover-gap_9x16_20261002.mp4,C01_employer-cover-gap_4x5_20261002.mp4,none (native 4:5),https://sortmycover.co.za/employer-gap/,exists,SMC_A1_HI_v1_named_{date},LEARN_MORE,Check my cover,Work cover vs the bond. Check the gap.,LIVE SET slot 1 (NH-64). Pair parity with teal: both arms 9:16 + 4:5. Upload same day; never edit after upload.
1-trio,2,GATE-ADS-APPROVE-3,SMC_A_LEADS-IF_ZA_c1,SMC_A_BROAD_ZA_35-50,C03_H3_vid-amb_{UPLOAD_YYYYMMDD},C03,H3,trigger: new bond,vid,amb,approved-cycle1; submit-first,C03_trigger-new-bond_9x16_20261002.mp4,C03_trigger-new-bond_4x5_20261002.mp4,none (native 4:5),https://sortmycover.co.za/new-bond/,exists,SMC_A1_HI_v1_named_{date},LEARN_MORE,Check my cover,The one job after bond approval,LIVE SET slot 3 (NH-64). NH-PCD-03 primary-text wording fix already in concepts.csv.
1-trio,3,GATE-ADS-APPROVE-3,SMC_A_LEADS-IF_ZA_c1,SMC_A_BROAD_ZA_35-50,C14_H10_vid-amb_{UPLOAD_YYYYMMDD},C14,H10,what the call is,vid,amb,approved-cycle1; submit-first,C14_what-the-call-is_9x16_20261002.mp4,C14_what-the-call-is_4x5_20261002.mp4,none (native 4:5),https://sortmycover.co.za/what-the-call/,built 2026-10-02,SMC_A1_HI_v1_named_{date},LEARN_MORE,Check my cover,See every step before booking,LIVE SET slot 6 (NH-64): HOLDS THE C16 SLOT until C16 is approved for live (see row 7). UI mocks must stay labelled Example screen.
2-after-trio-approved,4,after all 3 trio ads approved,SMC_A_LEADS-IF_ZA_c1,SMC_A_BROAD_ZA_35-50,C01_H1_vid-teal_{UPLOAD_YYYYMMDD},C01,H1,employer-cover gap,vid,teal,approved-cycle1; submit-first (colour twin of C01 amber; same copy; palette B teal-on-cream),C01_employer-cover-gap_teal_9x16_20261002.mp4,C01_employer-cover-gap_teal_4x5_20261002.mp4,none (native 4:5),https://sortmycover.co.za/employer-gap/,exists,SMC_A1_HI_v1_named_{date},LEARN_MORE,Check my cover,Work cover vs the bond. Check the gap.,LIVE SET slot 2 (NH-64 d: colour on H1 only). Report amber+teal as ONE concept: the colour result is not readable in cycle 1 (~40 leads vs >= 30 per arm). Upload same day as C01 amber; identical copy.
2-after-trio-approved,5,after all 3 trio ads approved,SMC_A_LEADS-IF_ZA_c1,SMC_A_BROAD_ZA_35-50,C04_H4_vid-amb_{UPLOAD_YYYYMMDD},C04,H4,trigger: new baby,vid,amb,approved-cycle1,C04_trigger-new-baby_9x16_20261002.mp4,C04_trigger-new-baby_4x5_20261002.mp4,none (native 4:5),https://sortmycover.co.za/new-baby/,exists,SMC_A1_HI_v1_named_{date},LEARN_MORE,Check my cover,New family. Check the old cover.,LIVE SET slot 4 (NH-64). Carousel (1x1 cards) stays in pool.
2-after-trio-approved,6,after all 3 trio ads approved,SMC_A_LEADS-IF_ZA_c1,SMC_A_BROAD_ZA_35-50,C05_H5_vid-amb_{UPLOAD_YYYYMMDD},C05,H5,trigger: turned 40,vid,amb,approved-cycle1,C05_trigger-turned-40_9x16_20261002.mp4,C05_trigger-turned-40_4x5_20261002.mp4,none (native 4:5),https://sortmycover.co.za/turned-40/,exists,SMC_A1_HI_v1_named_{date},LEARN_MORE,Check my cover,"At 40, check what still fits",LIVE SET slot 5 (NH-64). OPEN: primary text still has 'Nobody sends a reminder to check it'; compliance-qa (review-C16-C17.md) asked for the C17 replacement here too. Creative-strategist to apply and re-render check before upload.
slot-6-swap,7,"C16 approved for live by compliance-qa (clean PASS: re-check of rendered frames, 4:5 video rendered, landing page moved out of _draft/) AND Jonathan; then C16 replaces C14 in slot 6 and C14 moves to refresh pool",SMC_A_LEADS-IF_ZA_c1,SMC_A_BROAD_ZA_35-50,C16_H1_vid-amb_{UPLOAD_YYYYMMDD},C16,H1,trigger: bond paperwork,vid,amb,PASS-WITH-FIXES (compliance-qa 2026-10-03; fixes applied; NOT yet a clean pass): DRAFT,C16_trigger-bond-paperwork_9x16_20261003.mp4,PENDING: no 4:5 video rendered yet (parity rule 4.7),C16_trigger-bond-paperwork_4x5_20261003.png,https://sortmycover.co.za/bond-paperwork/,DRAFT (landing/angles/_draft/bond-paperwork.json; not live),SMC_A1_HI_v1_named_{date},LEARN_MORE,Check my cover,Bond signing day is busy,"NOT uploaded. Bond-pack claim removed; do not re-add without a verified-facts source. Swap by pausing C14, never by editing it (no edits in days 1-14 unless the swap is a logged, confirmed change)."
3-refresh-pool,8,pool 1 (blocked): practitioner s14 / replacement-rules answer logged (GATE-OPINION) + compliance-qa clean pass,SMC_A_LEADS-IF_ZA_c1,SMC_A_BROAD_ZA_35-50,C17_H1_vid-amb_{UPLOAD_YYYYMMDD},C17,H1,policy review,vid,amb,PASS once fixes in (compliance-qa 2026-10-03): DRAFT; BLOCKED on practitioner s14 answer,C17_policy-review_9x16_20261003.mp4,PENDING: native 4:5 video to be rendered on promotion,C17_policy-review_4x5_20261003.png,https://sortmycover.co.za/policy-review/,DRAFT (landing/angles/_draft/policy-review.json; not live),SMC_A1_HI_v1_named_{date},LEARN_MORE,Check my cover,Old cover. New life. A free review.,"NOT uploaded. No keep / cancel / replace / cheaper / save / switch wording anywhere. Third person, no 'your'."
3-refresh-pool,9,pool 2: when C16 takes slot 6 (C14 retires to pool; C14 is already uploaded so reactivate rather than re-upload),SMC_A_LEADS-IF_ZA_c1,SMC_A_BROAD_ZA_35-50,C14_H10_vid-amb_{UPLOAD_YYYYMMDD},C14,H10,what the call is,vid,amb,approved-cycle1,C14_what-the-call-is_9x16_20261002.mp4,C14_what-the-call-is_4x5_20261002.mp4,none (native 4:5),https://sortmycover.co.za/what-the-call/,built 2026-10-02,SMC_A1_HI_v1_named_{date},LEARN_MORE,Check my cover,See every step before booking,Same asset as row 3; listed so the pool order is visible. Converts the warm; does not find new people (angle-ranking).
3-refresh-pool,10,pool 3,SMC_A_LEADS-IF_ZA_c1,SMC_A_BROAD_ZA_35-50,C13_H16_vid-amb_{UPLOAD_YYYYMMDD},C13,H16,myth-bust,vid,amb,approved-cycle1,C13_myth-bust_9x16_20261002.mp4,C13_myth-bust_4x5_20261002.mp4,none (native 4:5),https://sortmycover.co.za/c13-check-not-buy/,exists (landing RECONCILE G),SMC_A1_HI_v1_named_{date},LEARN_MORE,Check my cover,"A check, not a sale","C13 goes to /c13-check-not-buy/, never /myth-bust/ (that page serves C12/H18)."
3-refresh-pool,11,pool 4,SMC_A_LEADS-IF_ZA_c1,SMC_A_BROAD_ZA_35-50,C11_H15_vid-amb_{UPLOAD_YYYYMMDD},C11,H15,self-employed / no group cover,vid,amb,approved-cycle1,C11_self-employed-no-group-cover_9x16_20261002.mp4,PENDING: native 4:5 video to be rendered on promotion,C11_self-employed-no-group-cover_4x5_20261002.png,https://sortmycover.co.za/self-employed/,exists,SMC_A1_HI_v1_named_{date},LEARN_MORE,Check my cover,When the owner is the business,Ahead of C10 on affordability (angle-ranking).
3-refresh-pool,12,pool 5,SMC_A_LEADS-IF_ZA_c1,SMC_A_BROAD_ZA_35-50,C08_H6_vid-amb_{UPLOAD_YYYYMMDD},C08,H6,virtual convenience,vid,amb,approved-cycle1,C08_virtual-convenience_9x16_20261002.mp4,C08_virtual-convenience_4x5_20261002.mp4,none (native 4:5; 6-s 4:5 motion still unused),https://sortmycover.co.za/virtual/,exists,SMC_A1_HI_v1_named_{date},LEARN_MORE,Check my cover,30 minutes. No sales visit.,
3-refresh-pool,13,pool 6,SMC_A_LEADS-IF_ZA_c1,SMC_A_BROAD_ZA_35-50,C10_H7_vid-amb_{UPLOAD_YYYYMMDD},C10,H7,self-employed / no group cover,vid,amb,approved-cycle1,C10_self-employed-no-group-cover_9x16_20261002.mp4,C10_self-employed-no-group-cover_4x5_20261002.mp4,none (native 4:5),https://sortmycover.co.za/self-employed/,exists,SMC_A1_HI_v1_named_{date},LEARN_MORE,Check my cover,No group cover? Check the gap.,
4-reserve,14,reserve (not on the NH-64 list; use only after pool 1-6),SMC_A_LEADS-IF_ZA_c1,SMC_A_BROAD_ZA_35-50,C02_H12_vid-amb_{UPLOAD_YYYYMMDD},C02,H12,employer-cover gap,vid,amb,cycle1 (H12); new copy: compliance-qa re-check before upload,C02_employer-cover-gap_h12_9x16_20261002.mp4,PENDING: native 4:5 video to be rendered on promotion,C02_employer-cover-gap_h12_4x5_6s_20261002.mp4 (6-s motion still; use only if promoted before 4:5 video exists),https://sortmycover.co.za/employer-gap/,exists,SMC_A1_HI_v1_named_{date},LEARN_MORE,Check my cover,Line 3 is the cover line,Reserve for when C01 fatigues. Needs compliance-qa re-check of H12 copy. H2 EXCLUDED: NH-PCD-02 not approved.
4-reserve,15,reserve,SMC_A_LEADS-IF_ZA_c1,SMC_A_BROAD_ZA_35-50,C09_H14_vid-amb_{UPLOAD_YYYYMMDD},C09,H14,virtual convenience,vid,amb,approved-cycle1,C09_virtual-convenience_9x16_20261002.mp4,PENDING: native 4:5 video to be rendered on promotion,C09_virtual-convenience_4x5_20261002.png,https://sortmycover.co.za/virtual/,exists,SMC_A1_HI_v1_named_{date},LEARN_MORE,Check my cover,A cover check in a lunch break,
4-reserve,16,reserve,SMC_A_LEADS-IF_ZA_c1,SMC_A_BROAD_ZA_35-50,C15_H17_vid-amb_{UPLOAD_YYYYMMDD},C15,H17,what the call is,vid,amb,approved-cycle1,C15_what-the-call-is_9x16_20261002.mp4,PENDING: native 4:5 video to be rendered on promotion,C15_what-the-call-is_4x5_20261002.png,https://sortmycover.co.za/what-the-call/,built 2026-10-02,SMC_A1_HI_v1_named_{date},LEARN_MORE,Check my cover,Real numbers. Licensed adviser.,
5-hold,17,HOLD (NH-64): not uploaded,SMC_A_LEADS-IF_ZA_c1,SMC_A_BROAD_ZA_35-50,C06_H9_vid-amb_{UPLOAD_YYYYMMDD},C06,H9,extended-family responsibility,vid,amb,HOLD (NH-64; lowest on both signals; 2.1.8 theme),C06_extended-family-responsibility_9x16_20261002.mp4,C06_extended-family-responsibility_4x5_20261002.mp4,none (native 4:5),https://sortmycover.co.za/extended-family/,built 2026-10-02,SMC_A1_HI_v1_named_{date},LEARN_MORE,Check my cover,Count everyone one income carries,Held. C07 shares its audience and risk: do not promote it ahead of the pool.
5-hold,18,HOLD (NH-64): not uploaded,SMC_A_LEADS-IF_ZA_c1,SMC_A_BROAD_ZA_35-50,C12_H18_vid-amb_{UPLOAD_YYYYMMDD},C12,H18,myth-bust,vid,amb,HOLD (NH-64; compliance-cleared but low affordability); H8 also held NH-PCD-04,C12_myth-bust_h18_9x16_20261002.mp4,PENDING: native 4:5 video to be rendered on promotion,C12_myth-bust_h18_4x5_6s_20261002.mp4 (6-s motion still),https://sortmycover.co.za/myth-bust/,exists,SMC_A1_HI_v1_named_{date},LEARN_MORE,Check my cover,Life cover: check the real cost,Held. Would need compliance-qa re-check of H18 copy anyway.
5-hold,19,HOLD: not uploaded,SMC_A_LEADS-IF_ZA_c1,SMC_A_BROAD_ZA_35-50,C07_H13_vid-amb_{UPLOAD_YYYYMMDD},C07,H13,extended-family responsibility,vid,amb,HOLD (follows C06: same audience and risk),C07_extended-family-responsibility_9x16_20261002.mp4,PENDING: native 4:5 video to be rendered on promotion,C07_extended-family-responsibility_4x5_20261002.png,https://sortmycover.co.za/extended-family/,built 2026-10-02,SMC_A1_HI_v1_named_{date},LEARN_MORE,Check my cover,One payslip. Many people. Check it.,Held with C06 (media-buyer call; Jonathan may release).
