1070561022062933,Old Mutual South Africa,insurer,A,2026-07-24,78,"series of 8+ distinct creatives (#StartAConversation)",static+video,"Dad's been your famnancial adviser since pocket money. Sweet, but not a plan. Chat to a Financial Adviser","chat to an adviser","humour; 'Dad-viser' character",Learn More,website/adviser request,adviser-humour (replace-the-amateur),"clean pattern - no product claims","financial adviser"
2158035634768255,Old Mutual South Africa,insurer,A,2026-07-24,78,series,static,"Your kids ask if they'll look after you when you retire. Give them a better answer with a Financial Adviser","retirement plan via adviser","family guilt/pride",Learn More,website,parent-retirement,none,"financial adviser"
28159607127039679,Old Mutual South Africa,insurer,A,2026-08-30,41,series,video,"Big ideas need real qualifications. Rather chat to a financial adviser. Accredited, qualified and yours","adviser credibility vs finfluencers","accreditation",Learn More,website,adviser credibility (anti-finfluencer),"clean - credential claim must be true","financial adviser"
1382605570692692,Old Mutual South Africa,insurer,A,2026-08-24,47,2,video,"Financial protection starts with a simple step, get tailored life insurance for you and your loved ones","tailored life insurance","simple first step",Get Quote,website,simplicity/step one,"FLAG: tailored claim","financial adviser"
1080950161048849,Old Mutual South Africa,insurer,A,2026-08-24,47,1,video,"Life is unpredictable, but your family's future doesn't have to be. Get a life insurance tailored to your needs","tailored","contrast line",Get quote,website,family future,none,"financial adviser"
999535773143259,Old Mutual South Africa,insurer,A,2026-09-14,26,1,video,"You train, plan and prepare for every ride. But are you just as prepared for life's unexpected turns?","start with a plan; insure","cyclist/athlete identity",Learn More,website,hobbyist identity (cycling),none,"financial adviser"
1605935807988383,Liberty Group SA,insurer,A,2026-09-16,24,1,static,"If thoughts about 'what if' are keeping you awake, it's time to plan instead of worry. Join the insurer that paid out R1.2 billion...","claims stat","worry->plan + stat",Get Quote,lead form,worry/sleepless + claims proof,"FLAG: R1.2bn stat","life cover"
1600714164943240,Liberty Group SA,insurer,A,2026-09-16,24,1,video,"It's crazy how quickly life can change. With a critical illness cover from Liberty, you can protect yourself from the impact","critical illness","life-can-change",Get Quote,lead form,critical illness,none,"life cover"
1422058106031205,Liberty Group SA,insurer,A,2026-10-08,2,1,video,"These days, we all know someone who has been diagnosed with a critical illness. It's no wonder we worry if it could be us one day","critical illness worry","social-proximity ('we all know someone')",Book Now,booking,critical illness,none,"life cover"
4109814435984942,Liberty Group SA,insurer,A,2026-07-08,94,1,video,"We'll give you the financial protection you need to get you back to a lifestyle you enjoy after a critical illness diagnosis","lifestyle restoration","lifestyle outcome",Learn More,website,critical illness,none,"critical illness"
1341906408019673,Oracle Life (Eswatini),insurer-foreign,A,2026-09-14,26,2,static,"Life cover can protect more than the people you leave behind, it can also support you while you're still here. Add disability...","living benefits","reframe: cover for you, not only them",Get quote,website/lead,living benefits reframe,none,"critical illness"
1562400888841108,Tigris x Discovery,broker,A,2026-06-12,120,"5+ video creatives (+3 more variants)",video,"One premium covers all three. Life, disability and income. And up to 50% comes back to you at 65, tax-free over 10 years. No sales pitch, just see the number first. Half your life cover, back at 65","bundle + give-back","number-first lead form; one creative asks 'Is it a SCAM?'",none,lead form (form.tigrisxdisco.co.za),bundle/give-back at 65,"FLAG: payback % + tax claim + named product","tigris"
1054484073806038,Tigris x Discovery,broker,A-biz,2026-07-14,88,1,video,"Debt. Partners. Key people. Payroll. Every one is a risk sitting on your balance sheet","4/4 Strategy covers you, your income and your business in one product; pays up to 50% of your cover back tax-free from 65","risk list (4 items) + comparison to traditional cover",none,business site (business.tigrisxdisco.co.za),business owner risk-list,"FLAG: comparison + payback claim","tigris"
1079482458338922,Tigris x Discovery,broker,B,2026-09-23,17,1,video,"Offshore savings. Property. Investments. Inheritance. Every one is a tax liability waiting for the day you bring it back","see tax cost upfront before moving money home","listed liabilities hook",none,form,estate/offshore tax,"FLAG: tax advice claim","tigris"
1048563727729430,Hollard,insurer,A-biz,2026-07-01,101,3 (sector creatives),static,"Growing a business means managing connected risks across people, operations and cash flow. Hollard connects the dots","SME integrated cover","B2B brand",none,website,SME (short-term mostly),none,"hollard"
1526598095444064,Sanlam,insurer,A-RA,2026-08-17,54,6,video,"The more you save for retirement, the bigger your Wealth Bonus","retirement + bonus","product feature",Learn More,website,retirement bonus,"FLAG: named product","retirement annuity"
1454523316512552,FNB,bank,A-RA,2026-08-18,53,2,static,"Start your retirement journey with an FNB Retirement Annuity from just R300/month. Your future self will thank you","RA from R300/month","low entry price",Learn More,website,RA low price,"FLAG: premium figure","retirement annuity"
971747905478785,Fynbos Money,fintech,A-RA,2026-05-13,150,"2+ (RA tax series)",static,"If you're in the 36% tax bracket, every rand you contribute to a retirement annuity reduces your tax bill by 36 cents","tax saving","tax math",Learn more,website,RA tax deduction,"FLAG: tax claim without advice","retirement annuity"
2184253002973843,Fynbos Money,fintech,A-RA,2026-09-23,17,1,static,"Your retirement annuity (RA) isn't just about later. It can lower what you owe SARS this year, too","tax saving","reframe now vs later",none,website,RA tax deduction,"FLAG: tax claim","retirement annuity"
2202031820579862,10X Investments,investment,A-RA,2026-07-21,81,3+,video+static,"You started your RA to build a better retirement. But high fees, disappointing performance or an outdated product structure could...","switch your RA","fee fear",none,website tax-tools,RA switch/fees,"FLAG: comparison","retirement annuity"
1373422671171630,Just SA,insurer-annuity,A-RA,2026-09-15,25,1,static,"Your retirement doesn't need a motivational speech. It needs a plan for turning the savings you worked hard to build into income","annuity","anti-hype tone",none,page,retirement income,none,"financial adviser"
996584003210545,Anderson Cohen,planner-HNW,A,2026-07-29,73,1,static,"Many South Africans with R3 million or more in retirement annuities know what their RA is worth. Far fewer know what it has actually...","lead magnet guide","affluent threshold hook",Download,lead magnet,HNW threshold (R3m+),"none","retirement annuity"
1464142168928620,Geoff Dore - Financial Planner,independent-planner,A,2026-09-30,10,2,static,"If you have R5 million + in investable assets and are within 5-10 years of retirement, this is worth a second look","qualifier ad","explicit qualifier (R5m + 5-10yrs)",none,lead,HNW qualifier hook,"none","financial planner"
1059343880274048,Michael Yuille,independent-planner-expat,A,2026-09-23,17,7,static,"British Expats in South Africa with a portfolio worth GBP500k / R10 Million or more, access our free guide","free guide","niche + threshold",Learn more,lead magnet (go.michaelyuille.online),niche (expats) + qualifier,none,"financial planner"
1343250327210934,Pierre Vorster,tied-adviser,A,2025-10-21,354,1,static,"Connect with a local financial adviser in Mpumalanga, Mbombela. Let me guide you to achieve your financial goals","local adviser","locality",Learn More,message,local adviser,none,"financial planner"
2319681585163538,Nebula BlueStar (Sanlam),tied-adviser-firm,A,2025-10-21,354,1,static,"Are you on track with your retirement savings? Randburg | Bryanston | Sandton Rosebank. When your income stops, then what?","retirement + income stops","question + location",Learn More,message,local adviser + income-stops question,none,"financial planner"
2317381958666299,PreNorth BlueStar (Sanlam),tied-adviser-firm,A,2026-09-11,29,1,static,"Get trusted financial advice tailored to your goals. WhatsApp 081 300 9783 today","WhatsApp number in copy","WhatsApp CTA",Learn More,WhatsApp,WhatsApp enquiry,"none","financial planner"
1131411432783732,Incoast BlueStar (Sanlam),tied-adviser-firm,A,2026-09-30,10,1,static,"Langebaan Financial Adviser | Financial Planning for Families","local","locality",Learn More,page,local adviser,none,"financial planner"
1263227688846961,Antaris Wealth BlueStar (Sanlam),tied-adviser-firm,B,2026-04-11,182,1,static,"Keep your finances working for you, no matter what. Speak to Sanlam Financial Planners about savings, insurance or wills","local adviser","generic",Learn More,facebook link,local adviser (wills mention),none,"financial planner"
677354081958555,Sonja Du Toit - Sanlam Financial Adviser,tied-adviser,B,2025-05-28,500,1,static,"Talk to a local Sanlam Financial Planner about retirement savings, insurance or wills","get expert advice","local",Get Quote,form,local adviser (wills mention),none,"financial adviser"
1624154668630396,Marco du Toit - Sanlam Financial Planner,tied-adviser,A,2026-04-10,183,1,static,"Swipe to learn how I can help you secure your financial future. Leave your details to get expert and tailored financial advice","carousel","personal brand",Learn More,lead form,personal-brand adviser,"FLAG: 'tailored advice' claim","financial planner"
1346877896830575,Multilink Financial Services,independent-planner,A,2026-06-22,110,1,static,"Have you ever held onto an investment too long because you were waiting to 'get back to even'?","behavioural finance question","behavioural bias hook",Send message,Messenger,behavioural question,none,"financial planner"
1214594914145844,CompariSure Care,broker-medical,x,2026-08-03,68,4,static,"With Flexicare Plus by Discovery, at R539 p/m you get unlimited GP consultations","quote-style price","price + feature list",Send WhatsApp message,WhatsApp,medical (not our product),"FLAG: premium","life cover whatsapp"
1545824233979200,BrightRock - Love Change,insurer,A,2026-10-08,2,2,video,"A final whistle is more than the end of a match. It's the moment everything changes. And making a home is more than just shelter","life-event: buying a home","life-event storytelling (sport -> home)",none,website,life event (home / change),none,"brightrock"
1856355459078792,BrightRock - Love Change,insurer,A,2026-09-04,36,1,static,"Change is easier when you know you're not going through it alone. Get real change stories, and practical tools and tips","content hub","change stories",none,hub,life event content hub,none,"brightrock"
2166201037303175,Momentum Insure,insurer-short-term,x,2026-09-21,19,1,video,"More than just insurance, it's protection made for you. Handbag cover, breast cancer benefits","short-term","feature",Get Quote,website,short-term (not ours),none,"momentum"
1048206134883826,Momentum,insurer,A,2026-09-18,22,1,static,"Scan your face, get your quote, and save up to 35% on premiums","facial scan discount","novelty mechanic",Get Quote,website,tech/novelty discount,"FLAG: discount + biometric data","momentum"
1828993228462778,FNB,bank-fiduciary,B,2026-10-07,3,1,video,"Protect their inheritance with a Will and an FNB Life Legacy Plan to cover executor fees. Draft your Will with FNB Fiduciary","will + life-cover to fund executor fees","liquidity logic",Learn More,website,estate liquidity (life cover pays executor),"FLAG: named product","executor"
947914441537235,Closure - Estate Admin,estate-admin-service,B,2026-06-16,116,1,static,"Closing a deceased estate? Stop losing R30,000+ to legal fees. Get a clear step-by-step guide and expert admin help for a flat R8,...","flat-fee estate admin","price fix + savings claim",Learn more,website,deceased-estate fees,"FLAG: price + saving","executor"
1361000572553445,AskDom,independent-adviser-creator,B,2026-10-08,2,1,video,"SARS can take up to 25% of what you leave your kids. Here are 3 ways to keep it in the family","3 ways list","listicle + tax fear",Send message,Instagram DM,estate duty / keep it in the family,"FLAG: tax planning claim (needs FAIS/ tax-practitioner care)","estate duty"
2191230018117603,Biz Facility,training-provider,B,2026-07-28,74,carousel,static carousel,"Build practical confidence across deceased estate administration, tax and trusts - 6 session webinar conference","CPD webinar","professional training",Book Now,bizfacility.com,professional training (not consumer),none,"estate planning"
1066256562684156,The Tax Faculty,training-provider,B,2026-10-01,9,1,static,"#EstateDuty International Estate Planning webinar from SA perspective","CPD","webinar",none,page,professional training (not consumer),none,"estate planning"
856923150004091,Asset Mentors,financial-education,B,2025-10-22,353,5,static,"Stay ahead in today's retirement landscape. Educational articles, resources, workshops and webinars from social security to estate planning","education page","community",Like Page,page-like,education / page growth,none,"estate planning"
1356969596222735,PPS For Professionals,professional-insurer,B,2026-09-03,37,"4 (carousel/video, 'TO ALL THE COLLECTORS. IT'S WILL-ABLE')",video+carousel,"Once signed, a Will becomes more than just a piece of paper, it's peace of mind for you ... start of an important, broader estate-planning conversation","Get your free Will","free will as door-opener for estate planning conversation; Terms and conditions apply",Learn More,website (pps.co.za),free will -> estate planning conversation (professionals niche),"FLAG: free offer","will-able"
1771993464238596,APRIL International,insurer-expat,A,2026-07-29,73,2,video,"Working for yourself comes with freedom - and responsibility. If you're self-employed, a freelancer, or a digital nomad, having...","expat self-employed cover","identity",Learn More,website,self-employed (expat insurer only),none,"life cover self-employed"
1635625211538693,Metropolitan,insurer,FUNERAL,2026-09-25,15,2,video,"Guess who's back? Our favourite Gogo! Gogo Vivian got us talking about funeral cover and the details we often overlook","funeral series","character (Gogo Vivian) series",none,page,funeral character series (market only),none,"retirement annuity"
1692261398922448,Clientele,insurer,FUNERAL,2026-09-22,18,1,static,"Safeguard your family while you're still here with up to R50,000 individual cover and up to R500,000 family cover","funeral","cover amounts",Get Quote,fb.me,funeral (market only),"FLAG: amounts","clientele"
2334356320640870,Clientele,insurer,FUNERAL,2026-09-25,15,3,video,"Sipho Mthimunye won R10,000 with Clientele Royalty Spin and Win","loyalty prize","winner story",Sign up,fb.me,funeral/loyalty prize (market only),"FLAG: prize","clientele"
