ad_id,advertiser,advertiser_type,theme,start_date,days_running_at_2026-10-10,versions_in_feed,format,hook,promise,proof_device,cta_button,destination,angle,compliance_flag,found_via_query,group
2583529308729783,Dis-Chem Life,insurer-retail,A,2026-06-01,131,"6+ near-identical creatives, 14+ ads in feed",static+video,Tired of expensive life cover,Life cover from R99/month*; no paperwork,price anchor + tick list,Get Quote,website,price-led,FLAG: premium figure + 'expensive' comparison,life cover,"A11 price-led / discount / ""cheap"""
1055967877222328,Dis-Chem Life,insurer-retail,A,2026-08-27,44,3+,static+video,We believe life cover should be simple and provide immediate value,quick quotes; flexible benefits,brand ethos,Get Quote,website,simplicity/speed,none,life cover,A15 speed / simplicity / instant
747251601779408,Dis-Chem Life,insurer-retail,A,2026-06-01,131,1,static,You can still protect your family's future with affordable life cover designed for people managing their health,affordable cover for health-managed people,reassurance,Learn More,website,health-condition acceptance,FLAG: 'affordable',life cover,A13 inclusion / declined / health-condition
1341689224497993,Dis-Chem Life,insurer-retail,FUNERAL,2026-05-25,138,3+,static,Give your loved ones the dignity they deserve - funeral boost up to 250%,boost x2.5; 21 family members,benefit ticks,Get Quote,website,funeral (market only),FLAG: boost %,life insurance,X-funeral/non-target
962427649872396,1Life Insurance,insurer-direct,A,2026-05-18,145,2+ (R5000 weekly prize series),static,Stand a chance to win R5 000 weekly! From worn-out to turned up,win R5000 for an obligation-free quote,prize,Get Quote,lead form,giveaway/incentive,FLAG: prize competition,life cover,A12 giveaway / prize
1406480748241679,1Life Insurance,insurer-direct,A,2026-09-15,25,1,video,"WINNER ALERT! Big congrats to James, you've just won R5 000!",win R5000 for obligation-free quote,winner as social proof,Get Quote,lead form,giveaway/incentive,FLAG: prize,life cover,A12 giveaway / prize
4036581266644844,Sanlam,insurer,A,2026-08-06,65,1,video,"You've worked hard to achieve your financial goals, now protect it with Life Cover that rewards you with Wealth Bonus",life cover + Wealth Bonus,product feature,Learn More,website,achiever/wealth protect,FLAG: named product/bonus,life cover,"A21 bank/brand cross-sell, achiever, affluent"
1545608903631136,AllLife,insurer-niche,A,2026-06-10,122,10+ across 4 hooks,static+video,You deserve the right to be Insured. Get up to R10 Million in Life Cover,up to R10m; insured by OMART,inclusion,Get quote,website,inclusion/pre-existing conditions,FLAG: cover amount,life cover,A13 inclusion / declined / health-condition
1404081405125649,AllLife,insurer-niche,A,2026-09-22,18,4,static,Declined Life Cover due to your health?,all South Africans deserve cover; apply now,objection handling,Get Quote,website,declined/health-impaired,none,old mutual,A13 inclusion / declined / health-condition
1083286820909928,Momentum,insurer,A,2026-08-28,43,1,static,Life is unpredictable. Get up to 35% off Life Insurance premiums,up to 35% off premiums,discount,Get Quote,website,price-led/discount,FLAG: % discount,life cover,"A11 price-led / discount / ""cheap"""
29033095866288109,Momentum,insurer,A+B,2026-10-06,4,1,video,"If tomorrow came sooner than expected, what would you want your family to still have?",family legacy,emotional question,none,website,legacy question,clean - question hook,last will,"B8 legacy / ""what would your family still have"" emotional framing"
919586687430039,Absa South Africa,bank-insurer,A,2026-09-03,37,4 (3 static + 1 video),static+video,Love is shown in the plans we make. Instant Life Cover by Absa Life,instant cover; flexible,love framing,Learn More/Get quote,website,love/moments/instant,FLAG: 'instant' named product,life cover,A15 speed / simplicity / instant
4448726385383842,Capitec,bank,A,2026-09-14,26,1,static,"Bank on a lump sum payout with our Life Cover, should anything happen to you",lump sum; app or branch,bank trust,Play store,app install,bank cross-sell,FLAG: named product,life cover,"A21 bank/brand cross-sell, achiever, affluent"
1368682935427719,Standard Bank,bank,A,2026-08-12,59,1,video,Protect your future with life cover tailored to your needs. Flexible Life Plan,tailored,bank brand,Apply Now,website,bank cross-sell,FLAG: named product,life cover,"A21 bank/brand cross-sell, achiever, affluent"
32077403015239804,Discovery South Africa,insurer,A,2025-10-23,352,1,video,Join Discovery Life and activate your life insurance cover in 30 minutes,30-min activation,speed claim,Learn More,website,speed/instant,FLAG: time guarantee,life insurance,A15 speed / simplicity / instant
1546354800230996,Investec,private-bank-insurer,A,2026-06-11,121,"4+ (IP, severe illness, life)",static,Out of the Ordinary life insurance designed to match your life's ambitions,premium positioning,private-bank brand,Learn More,website,affluent/ambition,FLAG: named product,life insurance,"A21 bank/brand cross-sell, achiever, affluent"
1338779601704882,Different Life SA,insurer-direct,A,2026-06-25,107,6+ across 4 creatives,static,Thinking about life insurance? Use our online calculator to find out how much you'll need,calculator; no medical,tool + ticks,none,website calculator,calculator/how-much,FLAG: no-medical claim,disability cover,A14 calculator / persona / how-much
1000330039382319,Different Life SA,insurer-direct,A,2026-06-30,102,2,static,"Life cover for male, 50-year-old, non-smoker",no medicals required,persona quote,Get quote,website,persona-age (50M),FLAG: quote detail,old mutual,A14 calculator / persona / how-much
2052928038637169,Different Life SA,insurer-direct,A,2026-06-30,102,1,static,Life insurance allows you to ensure your loved ones won't be financially disadvantaged after you die,no medical; easy online,explainer,Get Quote,website,family protection explainer,none,old mutual,"A22 family-protection explainer (emotional, no price)"
1794514545205814,Sanlam,insurer,A,2026-09-07,33,1,video,Having a financial plan that includes Income Protection ups your F Factor,F Factor brand series,brand campaign,none,website,income protection/financial fitness,FLAG: named series,income protection,"A16 adviser-led (humour, credibility, local, review, qualifier)"
996930543210321,Sanlam,insurer,A,2026-07-17,85,6+ (4 creatives one series),static,Get your finances in check. We'll show you where you should be focusing,chat to coach; see where to focus,assessment/coach,Learn More,chat coach,finance check/needs assessment,clean pattern,income protection,"A16 adviser-led (humour, credibility, local, review, qualifier)"
2737814093261918,Sanlam,insurer,A,2026-06-17,115,6,video,"It's not just about living well. It's about being ready for the tough stuff too. Get covered with Sanlam, today",severe illness readiness,reassurance,Learn More,website,reassurance/be ready,none,severe illness,A18 disability / critical illness / income protection education & reassurance
1057681483557826,Simply,insurer-business,A-biz,2026-08-31,40,2,video,"If you own a business and employ people, this one's for you",staff cover if employee dies or is seriously ill,employer duty,none,website,business owner/staff cover,clean pattern,income protection,A8 business owner / staff / key-risk
1458899926301961,Simply,insurer-business,A-biz,2026-10-08,2,1,video,"Every morning, your team shows up. For your customers, for each other, for you",Simply Staff Cover,team loyalty,none,website,business owner/staff cover,clean pattern,income protection,A8 business owner / staff / key-risk
1016188794424859,Tigris x Discovery,broker-partner,A,2026-05-29,134,1,video,"One premium covers all three. Life, disability and income",up to 50% comes back at 65 tax-free over 10 years; no sales pitch,bundle + give-back,none,unknown,bundle/give-back at 65,FLAG: payback % + tax claim,income protection,A19 bundle / give-back
1543246414086249,Investec,private-bank-insurer,A,2026-06-11,121,2,static,Replace up to 100% of your net income if you can't work due to illness or injury,income replacement,number promise,Learn More,website,income protection/replace income,FLAG: 100% claim,income protection,A18 disability / critical illness / income protection education & reassurance
1750018173094882,Liberty Group SA,insurer,A,2026-09-16,24,5+ form ads,static,"If you believe in planning ahead, join the insurer that paid out R924 million in Income Protection claims in 2025",claims-paid proof,claims statistic,Get Quote,lead form,claims-paid proof,FLAG: R924m stat,income protection,A10 claims-paid proof + fear
2261377594707965,Liberty Group SA,insurer,A,2026-09-16,24,5,static,Accidents happen when you least expect it. Join the insurer that paid out R924 million in income disability claims in 2025,claims proof,fear + proof,Get Quote,lead form,fear+claims proof,FLAG: stat,disability cover,A10 claims-paid proof + fear
1465713268725193,Liberty Group SA,insurer,A,2026-09-16,24,1,video,"It takes courage to start a side hustle and create an additional income stream. At Liberty, we help you protect both your primary and secondary income",protect side-hustle income,identity,Get Quote,lead form,side-hustle/self-employed,none,income protection,"A17 life-event / identity (side-hustle, athlete, home, change)"
1607448587506309,Liberty Group SA,insurer,A,2026-10-08,2,2,video,Accidents happen when you least expect it,book a call,fear,Book Now,booking,fear+claims proof,none,disability cover,A10 claims-paid proof + fear
1577077737373820,Investec,private-bank-insurer,A,2026-08-09,62,4,static,"When life forces you to adapt, keep moving forward without the financial strain",disability cover,reassurance,Learn More,website,disability/keep moving,none,disability cover,A18 disability / critical illness / income protection education & reassurance
1624301948268390,Aviwe Sijila - Sanlam Financial Advisor,tied-adviser,A,2025-05-29,499,1,static,"Speak to a Sanlam Financial Adviser near Malmesbury about your funeral cover, life insurance and more",local adviser chat,local proximity,Learn More,lead/message,local adviser,none,disability cover,"A16 adviser-led (humour, credibility, local, review, qualifier)"
1064559206296907,Sperrylite BlueStar (authorised by Sanlam),tied-adviser-firm,A,2026-09-09,31,1,static,"Keep your finances working for you, no matter what. Speak to Sanri Lottering, Sanlam Financial Planner","savings, insurance",named person,Learn More,link,local adviser,none,disability cover,"A16 adviser-led (humour, credibility, local, review, qualifier)"
1720689422560378,Black Cygnet,bond-cover-provider,A-bond,2026-09-04,36,2,static,One question matters when life changes: what happens to your bond if it doesn't go as planned?,bond protection,question hook,Get quote,website,bond protection/home,FLAG: product named,disability cover,A9 bond / home protection
2018120838814161,Black Cygnet,bond-cover-provider,A-bond,2026-09-04,36,1,static,Your bond is a long-term commitment. Help protect the home your family depends on,bond protection insurance,home protection,Get quote,website,bond protection/home,none,old mutual,A9 bond / home protection
1067728002822523,Black Cygnet,bond-cover-provider,A-bond,2026-09-10,30,1,static,Retrenchment can put pressure on the home your family depends on,optional retrenchment protection,retrenchment fear,Get Quote,website,bond protection/retrenchment,none,old mutual,A9 bond / home protection
1466320168696205,Mohau K - Financial advisor,independent-adviser,A,2026-10-09,1,1,static,"Sarah (name changed) is 31, and everything she does is for her kids",story-led adviser post,anonymised client story,Send message,Messenger,client story/mother,FLAG: client stories need consent,disability cover,"A16 adviser-led (humour, credibility, local, review, qualifier)"
2632890820473519,Atfin Consulting,independent-planner,A,2026-10-08,2,1,static,A serious illness can bring financial pressure beyond medical expenses. Severe Illness Cover can provide a tax-free lump-sum,severe illness lump sum,education,Get Quote,lead form,severe illness education,FLAG: tax-free claim,severe illness,X-short-term/training/other
29215637644695394,Fit Wealth Club,adviser-community,A,2026-10-08,2,1,video,Your portfolio is spread around the world. Your life cover? All rand. That's skipping leg day,offshore life cover,humour/metaphor,none,instagram,offshore life cover/humour,FLAG: offshore claim,severe illness,X-short-term/training/other
1579452970034180,Shopinsure,insurer,A-RA,2026-01-13,270,1,static,Achieve a prosperous retirement with ease. Boost your wealth by 10%,retirement plan 10% top-up,bonus,Get Quote,website,retirement plan bonus,FLAG: % top-up,life insurance,A20 retirement annuity / tax
1069373809234075,Analytiq Incorporated,financial-planner,A,2026-10-06,4,1,static,"Is your protection still right for you? Reviewing your current financial situation, goals and insurances is important",annual review,review prompt,Send message,Messenger,policy review,none,estate planning,"A16 adviser-led (humour, credibility, local, review, qualifier)"
1751856676073909,Nedbank,bank,B,2026-09-23,17,2,video,"If you don't have a will, the law determines how your estate is distributed. Speak to a financial adviser today",wills & estate; speak to adviser,legal-default fear,Learn More,website (will-drafting),intestacy fear,none,estate planning,B3 intestacy fear / state decides
1509883341010362,Nedbank,bank,B,2026-09-23,17,1,video,It's never too late to have the last word. Speak to a financial adviser about your will and estate planning today,wills + estate,wordplay,Learn More,website,legacy wordplay,none,estate planning,"B8 legacy / ""what would your family still have"" emotional framing"
2200049407450641,Sanlam,insurer,B,2026-07-17,85,1,static,Planning for the cost of goodbyes in your financial plan ups your F Factor. Leaving a legacy starts with creating a will,F Factor series,brand,Learn More,website,legacy/will,none,estate planning,"B8 legacy / ""what would your family still have"" emotional framing"
2526907381114826,FNB,bank-private,B,2026-10-08,2,2,static+video,"Grow your legacy with offshore investments, trusts and estate planning (FNB Private)",trusts + estate,affluent legacy,Learn More,website,affluent legacy/trusts,FLAG: named brand,estate planning,B10 generic wealth/credential (no clear angle)
1033991839118616,Conradie Inc. Attorneys,attorney,B,2026-07-23,79,1,static,"Many families only discover the legal difficulty when urgent decisions need to be made, such as accessing a bank account, selling...",executor/deceased estate,discovery-too-late story,none,facebook page,deceased-estate difficulty,none,estate planning,B5 estate liquidity / executor / estate-duty tax
1387504500117992,Conradie Inc. Attorneys,attorney,B,2026-09-30,10,1,static,National Wills Week is a good reminder to review your will and make sure your loved ones are protected,review your will,seasonal (Wills Week),Learn more,page,Wills Week seasonal,none,last will,"B6 myth / procrastination / ""too young"" / Wills Week seasonal"
1013245501709883,Mc Naught Company Attorneys,attorney,B,2026-08-04,67,1,video,"What's your final wish? Over 50% of South Africans don't have a valid will. Without one, the state makes it their wish",valid will,stat + state decides,Learn more,website maclaw.co.za,intestacy stat,FLAG: 50% stat needs source,estate planning,B3 intestacy fear / state decides
2070989013535230,Woodhead Bigby Attorneys,attorney,B,2026-10-02,8,1,video,Still procrastinating over your will?,valid will clarifies wishes,procrastination callout,Learn more,website,procrastination,none,estate planning,"B6 myth / procrastination / ""too young"" / Wills Week seasonal"
5273330769560432,Johann Viljoen Associates Attorneys,attorney,B,2026-10-04,6,1,static,(name-only creative),WhatsApp,none,Send WhatsApp message,WhatsApp,WhatsApp enquiry,none,estate planning,B10 generic wealth/credential (no clear angle)
1854060742281287,Biz Facility,training-provider,B,2026-09-22,18,1,static,Your life has evolved. Has your estate plan kept up?,webinar for practitioners,life evolved,Book now,bizfacility.com,professional training (not a consumer ad),none,estate planning,X-short-term/training/other
1450892906859378,Your Legacy,wealth-planner,B/A,2026-09-16,24,1,video,What could R1 million look like after just 5 years?,structure of R1m,number curiosity,Get quote,website,investment structure,FLAG: return implication,estate planning,B10 generic wealth/credential (no clear angle)
1083533981121968,Prestige Wealth Managers,wealth-planner,B,2026-10-01,9,1,static,Your financial future deserves more than a one-size-fits-all approach. 25 years experience,wealth management,experience,Contact us,website,wealth/credentials,none,estate planning,B10 generic wealth/credential (no clear angle)
2850687345294881,Baroka Wealth Investments,wealth-planner,B,2026-07-15,87,1,static,Your financial future deserves a trusted partner,"individuals, families, business",partner,none,page,generic partner,none,estate planning,B10 generic wealth/credential (no clear angle)
1021775410538965,Keshrina Mahabeer Attorneys,attorney,B,2026-06-09,123,5,static,"We like to think we have all the time in the world. When you are young, driven, and successfully building an empire, drafting a will...",draft a will,time-is-not-infinite; builder identity,Send message,Messenger,young-driven builder,clean - nice pattern,drafting a will,"B6 myth / procrastination / ""too young"" / Wills Week seasonal"
1420686243368618,MiWayLife,insurer-direct,A+B,2026-10-09,1,2,static+video,"You've created a Will so you're all set, right? Not so fast. Here's why life insurance matters too",will does not replace life cover,cross-sell from will to life,Learn more,website/instagram,will->life cover bridge,none,drafting a will,B7 will -> life cover bridge
967254166120129,Proud Mom,will-provider-nonprofit?,B,2026-06-10,122,2,static,Your Legacy is More Than Just a Paper. It's Your Loved Ones' Future,apply for will,parent legacy,Apply now,website (proudmom.co.za),parent/child guardian,none,drafting a will,B4 parent / guardian / child
2663551754039023,Proud Mom,will-provider-nonprofit?,B,2026-06-10,122,1,static,"Imagine this: everything you've worked so hard to build - your car, your house, your savings - being distributed by someone else",apply for will,loss visualisation,Apply now,website,intestacy fear,none,free will,B3 intestacy fear / state decides
1794167968450085,Proud Mom,will-provider-nonprofit?,B,2026-10-01,9,1,static,"Did You Miss National Wills Month? Without a will, your children's future is left to chance",check if you qualify,seasonal + parent,Apply now,wills.proudmom.co.za,Wills Month seasonal,none,free will,"B6 myth / procrastination / ""too young"" / Wills Week seasonal"
845689054907460,Capital Legacy,will-provider-fiduciary,B,2026-06-11,121,4 (static x3 + video),static+video,Nominate someone you know and trust in your will to raise your kids should something happen to you,get your will done,guardian nomination,Learn More,website (capitallegacy.co.za),parent/guardian,none,your will,B4 parent / guardian / child
1067539839163065,Capital Legacy,will-provider-fiduciary,B,2026-07-21,81,1,static,Getting your will done is quicker and easier than you think. Less than an hour of your time. And it's free,"free will, under an hour",ease + free,Learn more,website,free/fast will,FLAG: 'free' offer,your will,B2 free-will offer (door-opener)
28460050916912270,Capital Legacy,will-provider-fiduciary,B,2026-07-30,72,1,video,Having a will matters - make sure yours is up to date,update your will,maintenance,Learn more,website,review/update will,none,your will,"B6 myth / procrastination / ""too young"" / Wills Week seasonal"
956443670805629,Sanlam,insurer,B,2026-08-21,50,1,video,Protect your beneficiaries and give them confidence in their future. It starts with your will,legacy,beneficiary protection,Learn More,website,beneficiary protection,none,your will,"B8 legacy / ""what would your family still have"" emotional framing"
977044112052758,Sanlam,insurer,B,2026-08-04,67,1,video,Choose a financial partner that will help you create a legacy that lasts. Draft your will today with our quick and easy process,quick and easy will,ease,Learn More,website,quick/easy will,none,your will,B9 quick/easy will or free consultation (friction removal)
2898125937235388,Didi Khumalo with Discovery South Africa,adviser-influencer,B,2026-10-02,8,1,video,"A Will isn't just about what you leave behind, it's about making sure the people you love are taken care of",will,adviser/influencer voice,Learn more,website,influencer-adviser will,none,your will,"B8 legacy / ""what would your family still have"" emotional framing"
1608789300630375,Discovery South Africa,insurer,B,2026-09-08,32,1,static,Sign your Will - it's free - and make sure your assets go where you choose,free will,free offer,Learn More,website,free will,FLAG: free offer,your will,B2 free-will offer (door-opener)
1876322327112344,Discovery South Africa,insurer,B,2026-10-01,9,2,static,A Will helps ensure your wishes are carried out. Draft your Will today,get a free will drafted,free offer,Get Offer,website,free will,FLAG: free offer,your will,B2 free-will offer (door-opener)
1931489131593101,Discovery South Africa,insurer,B,2026-10-01,9,1,static,Make your wishes known. Put them in writing. Draft your Will today,get a free will drafted,imperative trio,Get Offer,website,free will,FLAG: free offer,your will,B2 free-will offer (door-opener)
1110587861519174,Discovery South Africa,insurer,B,2026-10-01,9,1,static,Protect what matters most. Draft your Will today,free will,short imperative,Learn More,website,free will,FLAG: free offer,your will,B2 free-will offer (door-opener)
1221004838857764,Trustable,will-provider-online,B,2024-01-23,991,1,video,Secure your family's future in seconds! Get a Legal Will drafted by a professional for Free!,free online will,speed + free,Apply now,go.trustable.co.za,free online will,FLAG: free offer,your will,B2 free-will offer (door-opener)
420188003702599,Trustable,will-provider-online,B,2024-03-07,947,1,static,Secure your legacy! South Africans! Get your legal Will professionally drafted for FREE,free online will,free,Apply now,go.trustable.co.za,free online will,FLAG: free offer,your will,B2 free-will offer (door-opener)
1106801621704751,Old Mutual South Africa,insurer,B,2026-09-30,10,1,static,"Stuck with creating your will? Our people are here to help, we are just a phone call away",phone support,friction removal,Learn More,oldmutualwill.co.za,will-help hotline,none,your will,B2 free-will offer (door-opener)
1079374861394486,Atfin Consulting,independent-planner,B,2026-10-08,2,1,static,Protect your family's future with a professionally drafted will. Book your complimentary consultation today,complimentary consult,free consult,Contact Us,lead,free consultation,none,free will,B9 quick/easy will or free consultation (friction removal)
1089640186991463,Keep Save,document-vault-app,B,2026-09-28,12,1,video,"One phone call can change your entire life in an instant. If that day comes, will your family know where to find your will, your policies...",document vault,find-it-in-crisis,none,app,where are documents,none,free will,"B11 document vault / death admin (""will they find it"")"
1395330291942166,deardiary_za,planner-product,B,2026-09-09,31,1,static,The In Case Of Death Planner: a printable document for peace of mind,printable planner,admin checklist,none,dear-diary.co.za,death admin,none,free will,"B11 document vault / death admin (""will they find it"")"
4498864010401025,Old Mutual South Africa,insurer,FUNERAL,2026-07-21,81,2,static,Give your parents peace of mind with affordable funeral cover,funeral cover,parents,Get Quote,website,funeral (market only),FLAG: affordable,old mutual,X-funeral/non-target
1582161746353079,Meerkat,insurer-funeral,FUNERAL,2026-08-18,53,1,static,"Your burial society or stokvel deserves funeral cover that's honest, transparent, and fully compliant",stokvel funeral,honest/compliant,Get Quote,website,funeral stokvel (market only),none,old mutual,X-funeral/non-target
1070561022062933,Old Mutual South Africa,insurer,A,2026-07-24,78,series of 8+ distinct creatives (#StartAConversation),static+video,"Dad's been your famnancial adviser since pocket money. Sweet, but not a plan. Chat to a Financial Adviser",chat to an adviser,humour; 'Dad-viser' character,Learn More,website/adviser request,adviser-humour (replace-the-amateur),clean pattern - no product claims,financial adviser,"A16 adviser-led (humour, credibility, local, review, qualifier)"
2158035634768255,Old Mutual South Africa,insurer,A,2026-07-24,78,series,static,Your kids ask if they'll look after you when you retire. Give them a better answer with a Financial Adviser,retirement plan via adviser,family guilt/pride,Learn More,website,parent-retirement,none,financial adviser,B4 parent / guardian / child
28159607127039679,Old Mutual South Africa,insurer,A,2026-08-30,41,series,video,"Big ideas need real qualifications. Rather chat to a financial adviser. Accredited, qualified and yours",adviser credibility vs finfluencers,accreditation,Learn More,website,adviser credibility (anti-finfluencer),clean - credential claim must be true,financial adviser,"A16 adviser-led (humour, credibility, local, review, qualifier)"
1382605570692692,Old Mutual South Africa,insurer,A,2026-08-24,47,2,video,"Financial protection starts with a simple step, get tailored life insurance for you and your loved ones",tailored life insurance,simple first step,Get Quote,website,simplicity/step one,FLAG: tailored claim,financial adviser,A15 speed / simplicity / instant
1080950161048849,Old Mutual South Africa,insurer,A,2026-08-24,47,1,video,"Life is unpredictable, but your family's future doesn't have to be. Get a life insurance tailored to your needs",tailored,contrast line,Get quote,website,family future,none,financial adviser,"A22 family-protection explainer (emotional, no price)"
999535773143259,Old Mutual South Africa,insurer,A,2026-09-14,26,1,video,"You train, plan and prepare for every ride. But are you just as prepared for life's unexpected turns?",start with a plan; insure,cyclist/athlete identity,Learn More,website,hobbyist identity (cycling),none,financial adviser,"A17 life-event / identity (side-hustle, athlete, home, change)"
1605935807988383,Liberty Group SA,insurer,A,2026-09-16,24,1,static,"If thoughts about 'what if' are keeping you awake, it's time to plan instead of worry. Join the insurer that paid out R1.2 billion...",claims stat,worry->plan + stat,Get Quote,lead form,worry/sleepless + claims proof,FLAG: R1.2bn stat,life cover,A10 claims-paid proof + fear
1600714164943240,Liberty Group SA,insurer,A,2026-09-16,24,1,video,"It's crazy how quickly life can change. With a critical illness cover from Liberty, you can protect yourself from the impact",critical illness,life-can-change,Get Quote,lead form,critical illness,none,life cover,A18 disability / critical illness / income protection education & reassurance
1422058106031205,Liberty Group SA,insurer,A,2026-10-08,2,1,video,"These days, we all know someone who has been diagnosed with a critical illness. It's no wonder we worry if it could be us one day",critical illness worry,social-proximity ('we all know someone'),Book Now,booking,critical illness,none,life cover,A18 disability / critical illness / income protection education & reassurance
4109814435984942,Liberty Group SA,insurer,A,2026-07-08,94,1,video,We'll give you the financial protection you need to get you back to a lifestyle you enjoy after a critical illness diagnosis,lifestyle restoration,lifestyle outcome,Learn More,website,critical illness,none,critical illness,A18 disability / critical illness / income protection education & reassurance
1341906408019673,Oracle Life (Eswatini),insurer-foreign,A,2026-09-14,26,2,static,"Life cover can protect more than the people you leave behind, it can also support you while you're still here. Add disability...",living benefits,"reframe: cover for you, not only them",Get quote,website/lead,living benefits reframe,none,critical illness,A18 disability / critical illness / income protection education & reassurance
1562400888841108,Tigris x Discovery,broker,A,2026-06-12,120,5+ video creatives (+3 more variants),video,"One premium covers all three. Life, disability and income. And up to 50% comes back to you at 65, tax-free over 10 years. No sales pitch, just see the number first. Half your life cover, back at 65",bundle + give-back,number-first lead form; one creative asks 'Is it a SCAM?',none,lead form (form.tigrisxdisco.co.za),bundle/give-back at 65,FLAG: payback % + tax claim + named product,tigris,A19 bundle / give-back
1054484073806038,Tigris x Discovery,broker,A-biz,2026-07-14,88,1,video,Debt. Partners. Key people. Payroll. Every one is a risk sitting on your balance sheet,"4/4 Strategy covers you, your income and your business in one product; pays up to 50% of your cover back tax-free from 65",risk list (4 items) + comparison to traditional cover,none,business site (business.tigrisxdisco.co.za),business owner risk-list,FLAG: comparison + payback claim,tigris,A8 business owner / staff / key-risk
1079482458338922,Tigris x Discovery,broker,B,2026-09-23,17,1,video,Offshore savings. Property. Investments. Inheritance. Every one is a tax liability waiting for the day you bring it back,see tax cost upfront before moving money home,listed liabilities hook,none,form,estate/offshore tax,FLAG: tax advice claim,tigris,B5 estate liquidity / executor / estate-duty tax
1048563727729430,Hollard,insurer,A-biz,2026-07-01,101,3 (sector creatives),static,"Growing a business means managing connected risks across people, operations and cash flow. Hollard connects the dots",SME integrated cover,B2B brand,none,website,SME (short-term mostly),none,hollard,X-short-term/training/other
1526598095444064,Sanlam,insurer,A-RA,2026-08-17,54,6,video,"The more you save for retirement, the bigger your Wealth Bonus",retirement + bonus,product feature,Learn More,website,retirement bonus,FLAG: named product,retirement annuity,A20 retirement annuity / tax
1454523316512552,FNB,bank,A-RA,2026-08-18,53,2,static,Start your retirement journey with an FNB Retirement Annuity from just R300/month. Your future self will thank you,RA from R300/month,low entry price,Learn More,website,RA low price,FLAG: premium figure,retirement annuity,"A11 price-led / discount / ""cheap"""
971747905478785,Fynbos Money,fintech,A-RA,2026-05-13,150,2+ (RA tax series),static,"If you're in the 36% tax bracket, every rand you contribute to a retirement annuity reduces your tax bill by 36 cents",tax saving,tax math,Learn more,website,RA tax deduction,FLAG: tax claim without advice,retirement annuity,A20 retirement annuity / tax
2184253002973843,Fynbos Money,fintech,A-RA,2026-09-23,17,1,static,"Your retirement annuity (RA) isn't just about later. It can lower what you owe SARS this year, too",tax saving,reframe now vs later,none,website,RA tax deduction,FLAG: tax claim,retirement annuity,A20 retirement annuity / tax
2202031820579862,10X Investments,investment,A-RA,2026-07-21,81,3+,video+static,"You started your RA to build a better retirement. But high fees, disappointing performance or an outdated product structure could...",switch your RA,fee fear,none,website tax-tools,RA switch/fees,FLAG: comparison,retirement annuity,A20 retirement annuity / tax
1373422671171630,Just SA,insurer-annuity,A-RA,2026-09-15,25,1,static,Your retirement doesn't need a motivational speech. It needs a plan for turning the savings you worked hard to build into income,annuity,anti-hype tone,none,page,retirement income,none,financial adviser,A20 retirement annuity / tax
996584003210545,Anderson Cohen,planner-HNW,A,2026-07-29,73,1,static,Many South Africans with R3 million or more in retirement annuities know what their RA is worth. Far fewer know what it has actually...,lead magnet guide,affluent threshold hook,Download,lead magnet,HNW threshold (R3m+),none,retirement annuity,"A16 adviser-led (humour, credibility, local, review, qualifier)"
1464142168928620,Geoff Dore - Financial Planner,independent-planner,A,2026-09-30,10,2,static,"If you have R5 million + in investable assets and are within 5-10 years of retirement, this is worth a second look",qualifier ad,explicit qualifier (R5m + 5-10yrs),none,lead,HNW qualifier hook,none,financial planner,"A16 adviser-led (humour, credibility, local, review, qualifier)"
1059343880274048,Michael Yuille,independent-planner-expat,A,2026-09-23,17,7,static,"British Expats in South Africa with a portfolio worth GBP500k / R10 Million or more, access our free guide",free guide,niche + threshold,Learn more,lead magnet (go.michaelyuille.online),niche (expats) + qualifier,none,financial planner,X-short-term/training/other
1343250327210934,Pierre Vorster,tied-adviser,A,2025-10-21,354,1,static,"Connect with a local financial adviser in Mpumalanga, Mbombela. Let me guide you to achieve your financial goals",local adviser,locality,Learn More,message,local adviser,none,financial planner,"A16 adviser-led (humour, credibility, local, review, qualifier)"
2319681585163538,Nebula BlueStar (Sanlam),tied-adviser-firm,A,2025-10-21,354,1,static,"Are you on track with your retirement savings? Randburg | Bryanston | Sandton Rosebank. When your income stops, then what?",retirement + income stops,question + location,Learn More,message,local adviser + income-stops question,none,financial planner,"A16 adviser-led (humour, credibility, local, review, qualifier)"
2317381958666299,PreNorth BlueStar (Sanlam),tied-adviser-firm,A,2026-09-11,29,1,static,Get trusted financial advice tailored to your goals. WhatsApp 081 300 9783 today,WhatsApp number in copy,WhatsApp CTA,Learn More,WhatsApp,WhatsApp enquiry,none,financial planner,"A16 adviser-led (humour, credibility, local, review, qualifier)"
1131411432783732,Incoast BlueStar (Sanlam),tied-adviser-firm,A,2026-09-30,10,1,static,Langebaan Financial Adviser | Financial Planning for Families,local,locality,Learn More,page,local adviser,none,financial planner,"A16 adviser-led (humour, credibility, local, review, qualifier)"
1263227688846961,Antaris Wealth BlueStar (Sanlam),tied-adviser-firm,B,2026-04-11,182,1,static,"Keep your finances working for you, no matter what. Speak to Sanlam Financial Planners about savings, insurance or wills",local adviser,generic,Learn More,facebook link,local adviser (wills mention),none,financial planner,"A16 adviser-led (humour, credibility, local, review, qualifier)"
677354081958555,Sonja Du Toit - Sanlam Financial Adviser,tied-adviser,B,2025-05-28,500,1,static,"Talk to a local Sanlam Financial Planner about retirement savings, insurance or wills",get expert advice,local,Get Quote,form,local adviser (wills mention),none,financial adviser,"A16 adviser-led (humour, credibility, local, review, qualifier)"
1624154668630396,Marco du Toit - Sanlam Financial Planner,tied-adviser,A,2026-04-10,183,1,static,Swipe to learn how I can help you secure your financial future. Leave your details to get expert and tailored financial advice,carousel,personal brand,Learn More,lead form,personal-brand adviser,FLAG: 'tailored advice' claim,financial planner,A14 calculator / persona / how-much
1346877896830575,Multilink Financial Services,independent-planner,A,2026-06-22,110,1,static,Have you ever held onto an investment too long because you were waiting to 'get back to even'?,behavioural finance question,behavioural bias hook,Send message,Messenger,behavioural question,none,financial planner,"A16 adviser-led (humour, credibility, local, review, qualifier)"
1214594914145844,CompariSure Care,broker-medical,x,2026-08-03,68,4,static,"With Flexicare Plus by Discovery, at R539 p/m you get unlimited GP consultations",quote-style price,price + feature list,Send WhatsApp message,WhatsApp,medical (not our product),FLAG: premium,life cover whatsapp,X-short-term/training/other
1545824233979200,BrightRock - Love Change,insurer,A,2026-10-08,2,2,video,A final whistle is more than the end of a match. It's the moment everything changes. And making a home is more than just shelter,life-event: buying a home,life-event storytelling (sport -> home),none,website,life event (home / change),none,brightrock,"A17 life-event / identity (side-hustle, athlete, home, change)"
1856355459078792,BrightRock - Love Change,insurer,A,2026-09-04,36,1,static,"Change is easier when you know you're not going through it alone. Get real change stories, and practical tools and tips",content hub,change stories,none,hub,life event content hub,none,brightrock,"A17 life-event / identity (side-hustle, athlete, home, change)"
2166201037303175,Momentum Insure,insurer-short-term,x,2026-09-21,19,1,video,"More than just insurance, it's protection made for you. Handbag cover, breast cancer benefits",short-term,feature,Get Quote,website,short-term (not ours),none,momentum,X-short-term/training/other
1048206134883826,Momentum,insurer,A,2026-09-18,22,1,static,"Scan your face, get your quote, and save up to 35% on premiums",facial scan discount,novelty mechanic,Get Quote,website,tech/novelty discount,FLAG: discount + biometric data,momentum,"A11 price-led / discount / ""cheap"""
1828993228462778,FNB,bank-fiduciary,B,2026-10-07,3,1,video,Protect their inheritance with a Will and an FNB Life Legacy Plan to cover executor fees. Draft your Will with FNB Fiduciary,will + life-cover to fund executor fees,liquidity logic,Learn More,website,estate liquidity (life cover pays executor),FLAG: named product,executor,B5 estate liquidity / executor / estate-duty tax
947914441537235,Closure - Estate Admin,estate-admin-service,B,2026-06-16,116,1,static,"Closing a deceased estate? Stop losing R30,000+ to legal fees. Get a clear step-by-step guide and expert admin help for a flat R8,...",flat-fee estate admin,price fix + savings claim,Learn more,website,deceased-estate fees,FLAG: price + saving,executor,B5 estate liquidity / executor / estate-duty tax
1361000572553445,AskDom,independent-adviser-creator,B,2026-10-08,2,1,video,SARS can take up to 25% of what you leave your kids. Here are 3 ways to keep it in the family,3 ways list,listicle + tax fear,Send message,Instagram DM,estate duty / keep it in the family,FLAG: tax planning claim (needs FAIS/ tax-practitioner care),estate duty,B5 estate liquidity / executor / estate-duty tax
2191230018117603,Biz Facility,training-provider,B,2026-07-28,74,carousel,static carousel,"Build practical confidence across deceased estate administration, tax and trusts - 6 session webinar conference",CPD webinar,professional training,Book Now,bizfacility.com,professional training (not consumer),none,estate planning,X-short-term/training/other
1066256562684156,The Tax Faculty,training-provider,B,2026-10-01,9,1,static,#EstateDuty International Estate Planning webinar from SA perspective,CPD,webinar,none,page,professional training (not consumer),none,estate planning,X-short-term/training/other
856923150004091,Asset Mentors,financial-education,B,2025-10-22,353,5,static,"Stay ahead in today's retirement landscape. Educational articles, resources, workshops and webinars from social security to estate planning",education page,community,Like Page,page-like,education / page growth,none,estate planning,X-short-term/training/other
1356969596222735,PPS For Professionals,professional-insurer,B,2026-09-03,37,"4 (carousel/video, 'TO ALL THE COLLECTORS. IT'S WILL-ABLE')",video+carousel,"Once signed, a Will becomes more than just a piece of paper, it's peace of mind for you ... start of an important, broader estate-planning conversation",Get your free Will,free will as door-opener for estate planning conversation; Terms and conditions apply,Learn More,website (pps.co.za),free will -> estate planning conversation (professionals niche),FLAG: free offer,will-able,B2 free-will offer (door-opener)
1771993464238596,APRIL International,insurer-expat,A,2026-07-29,73,2,video,"Working for yourself comes with freedom - and responsibility. If you're self-employed, a freelancer, or a digital nomad, having...",expat self-employed cover,identity,Learn More,website,self-employed (expat insurer only),none,life cover self-employed,X-short-term/training/other
1635625211538693,Metropolitan,insurer,FUNERAL,2026-09-25,15,2,video,Guess who's back? Our favourite Gogo! Gogo Vivian got us talking about funeral cover and the details we often overlook,funeral series,character (Gogo Vivian) series,none,page,funeral character series (market only),none,retirement annuity,X-funeral/non-target
1692261398922448,Clientele,insurer,FUNERAL,2026-09-22,18,1,static,"Safeguard your family while you're still here with up to R50,000 individual cover and up to R500,000 family cover",funeral,cover amounts,Get Quote,fb.me,funeral (market only),FLAG: amounts,clientele,X-funeral/non-target
2334356320640870,Clientele,insurer,FUNERAL,2026-09-25,15,3,video,"Sipho Mthimunye won R10,000 with Clientele Royalty Spin and Win",loyalty prize,winner story,Sign up,fb.me,funeral/loyalty prize (market only),FLAG: prize,clientele,X-funeral/non-target
1615293193369395,Strata Insurance Brokers (FSP 27237),broker,A,2026-10-09,1,2,static,"Your life is unique, and your insurance should be too. Our brokers take the time to truly understand your world",personalised broker,broker relationship,none,page,broker relationship / personalised,none,life insurance broker,"A16 adviser-led (humour, credibility, local, review, qualifier)"
1436472735253212,Strata Insurance Brokers (FSP 27237),broker,A,2026-10-09,1,1,static,"Life throws curveballs, but with Strata, you are never facing them alone. Your dedicated broker is more than just an agent",dedicated broker,relationship,none,page,broker relationship / personalised,none,life insurance broker,"A16 adviser-led (humour, credibility, local, review, qualifier)"
1771312780587807,Ample Insurance Brokers,broker,A,2026-10-07,3,1,video,This is how my clients see me as their insurance broker,broker brand video,self-view/identity,none,facebook,broker brand,none,life insurance broker,"A16 adviser-led (humour, credibility, local, review, qualifier)"
1715554076176262,Assupol Cover,insurer,FUNERAL,2026-10-01,9,8+ across 5 creatives,static+video,Wonder how much Assupol Funeral Cover costs? Stop overpaying for Funeral Cover!,from R70/month; no medical tests,price + comparison,Get Quote,lead page (go.assupolcover.co.za),price-led funeral (market only),FLAG: price + overpaying comparison,assupol,X-funeral/non-target
1086908670997594,Assupol Cover,insurer,FUNERAL,2026-10-01,9,1,static,The most common reason people delay funeral cover: They assume it is complicated or expensive. It is neither. Three questions. Two minutes,objection handling,objection reversal,Get Quote,lead page,objection-handling funeral (market only),none,assupol,X-funeral/non-target
1785010819291422,Finatic,broker-funeral,FUNERAL,2026-09-23,17,4,video,Get reliable funeral cover from as little as R70/month and apply over the phone,phone application,price,Get Quote,phone/lead,price-led funeral (market only),FLAG: price,assupol,X-funeral/non-target
2298395510937798,Turnberry,broker-medical,x,2026-10-07,3,1,static,The cheapest option may not be the best solution when it comes to healthcare cover,anti-cheapest educational,contrarian to price-led,none,page,anti-cheap (medical),none,life insurance broker,X-short-term/training/other
