concept_id,angle,hook,primary_text,headline,cta,format,ratio,video_script,status
"C01","employer-cover gap","Most work life cover stops at 2–4× salary.","Most work life cover stops at 2 to 4 times salary. Most bonds are bigger than that. Add school fees, the car and the monthly bills. The gap is easy to miss. A licensed adviser can look at the real numbers with you in 30 minutes. On video, WhatsApp or phone. It costs nothing to check, and you decide after. Tap to check your cover.","Work cover vs the bond. Check the gap.","Check my cover","video","9:16","25s | 0.0 hook on screen + amber Work cover bar grows; CAP Most work life cover stops at 2–4× salary. | 2.5 bond bar runs past; CAP Most bonds are bigger. (payoff) | 5.0 bars stack; CAP Add school, the car, the bills. | 8.0 gap bracket; CAP That space is the gap. | 11.0 CAP A licensed adviser can check it in 30 minutes. | 15.0 chips Video/WhatsApp/Phone; CAP From home. Free to check. | 19.0 CAP You decide after. | 22.0 end card: Sort your cover. 30 minutes. A real adviser. + Tap to check your cover","submit-first; pending compliance-qa"
"C01","employer-cover gap","Most work life cover stops at 2–4× salary.","Most work life cover stops at 2 to 4 times salary. Most bonds are bigger than that. Add school fees, the car and the monthly bills. The gap is easy to miss. A licensed adviser can look at the real numbers with you in 30 minutes. On video, WhatsApp or phone. It costs nothing to check, and you decide after. Tap to check your cover.","Work cover vs the bond. Check the gap.","Check my cover","video","4:5","same as 9:16; bars stacked vertically, type x0.85","submit-first; pending compliance-qa"
"C01","employer-cover gap","Most work life cover stops at 2–4× salary.","Most work life cover stops at 2 to 4 times salary. Most bonds are bigger than that. Add school fees, the car and the monthly bills. The gap is easy to miss. A licensed adviser can look at the real numbers with you in 30 minutes. On video, WhatsApp or phone. It costs nothing to check, and you decide after. Tap to check your cover.","Work cover vs the bond. Check the gap.","Check my cover","static","1:1","","submit-first; pending compliance-qa"
"C02","employer-cover gap","R1.4m bond. 3× salary cover. Do the maths.","Here is one made-up example. A family has a R1.4 million bond. Work cover pays 3 times salary. For many salaries, that is less than the bond. And the bond is only one cost. Kids, school and monthly bills come on top. This is an example, not advice. Every family's numbers are different. A licensed adviser can work out the real gap in 30 minutes. On video, WhatsApp or phone. Free to check. Tap to check your cover.","An example, not advice. Check the real gap.","Check my cover","video","9:16","15s | 0.0 maths stack R1.4m bond / 3× salary cover; CAP R1.4m bond. 3× salary cover. | 0.4 rule line draws | 2.0 = a gap in amber; CAP For many salaries, that is less than the bond. (payoff) | 5.0 CAP An example. Every family's numbers differ. | 8.0 CAP A licensed adviser works out the real gap in 30 minutes. | 12.0 end card. Tag on every frame: Illustrative example. Not advice.","draft; pending compliance-qa (illustrative figures flag)"
"C02","employer-cover gap","R1.4m bond. 3× salary cover. Do the maths.","Here is one made-up example. A family has a R1.4 million bond. Work cover pays 3 times salary. For many salaries, that is less than the bond. And the bond is only one cost. Kids, school and monthly bills come on top. This is an example, not advice. Every family's numbers are different. A licensed adviser can work out the real gap in 30 minutes. On video, WhatsApp or phone. Free to check. Tap to check your cover.","An example, not advice. Check the real gap.","Check my cover","video","4:5","same as 9:16","draft; pending compliance-qa (illustrative figures flag)"
"C02","employer-cover gap","R1.4m bond. 3× salary cover. Do the maths.","Here is one made-up example. A family has a R1.4 million bond. Work cover pays 3 times salary. For many salaries, that is less than the bond. And the bond is only one cost. Kids, school and monthly bills come on top. This is an example, not advice. Every family's numbers are different. A licensed adviser can work out the real gap in 30 minutes. On video, WhatsApp or phone. Free to check. Tap to check your cover.","An example, not advice. Check the real gap.","Check my cover","static","1:1","","draft; pending compliance-qa (illustrative figures flag)"
"C03","trigger: new bond","Bond approved. Champagne open. One thing left.","Bond approved. Champagne open. Keys next week. Then there is one job most new owners skip. They never check if their life cover still fits the new debt. A bond can be the biggest number a family ever signs. A licensed adviser can check the full picture in 30 minutes. On video, WhatsApp or phone, from home. Free to check, and you decide after. Tap to check your cover.","The one job after bond approval","Check my cover","video","9:16","22s | 0.0 checklist; ticks draw on Bond approved, Champagne open; CAP Bond approved. Champagne open. | 2.5 line 3 pulses; CAP One thing left. | 4.5 line 3 becomes Check the cover still fits the new debt. (payoff) | 7.5 big type The biggest number a family ever signs. | 10.5 CAP A licensed adviser checks it in 30 minutes. | 14.0 chips; CAP From home. Free to check. | 17.0 CAP You decide after. | 19.0 end card","submit-first; pending compliance-qa"
"C03","trigger: new bond","Bond approved. Champagne open. One thing left.","Bond approved. Champagne open. Keys next week. Then there is one job most new owners skip. They never check if their life cover still fits the new debt. A bond can be the biggest number a family ever signs. A licensed adviser can check the full picture in 30 minutes. On video, WhatsApp or phone, from home. Free to check, and you decide after. Tap to check your cover.","The one job after bond approval","Check my cover","video","4:5","same as 9:16; checklist centred","submit-first; pending compliance-qa"
"C03","trigger: new bond","Bond approved. Champagne open. One thing left.","Bond approved. Champagne open. Keys next week. Then there is one job most new owners skip. They never check if their life cover still fits the new debt. A bond can be the biggest number a family ever signs. A licensed adviser can check the full picture in 30 minutes. On video, WhatsApp or phone, from home. Free to check, and you decide after. Tap to check your cover.","The one job after bond approval","Check my cover","static","1:1","","submit-first; pending compliance-qa"
"C04","trigger: new baby","New baby. New bond. Same old cover?","New baby. New bond. Same old cover. It happens a lot. Cover gets set up once, often years ago, and then nobody looks at it again. But a new child changes who depends on an income, and for how long. A licensed adviser can check if the old cover still fits the new family. 30 minutes on video, WhatsApp or phone. Free to check, and you decide after. Tap to check your cover.","New family, old cover? Check it.","Check my cover","video","9:16","18s | 0.0 New baby. (pram icon draws) | 1.0 New bond. | 2.0 Same old cover?; CAP hook | 3.5 CAP Cover often gets set up once, then left. | 5.5 CAP A new child changes who depends on an income. (payoff) | 8.5 CAP A licensed adviser checks if it still fits. 30 minutes. | 12.0 CAP Video, WhatsApp or phone. Free to check. | 15.0 end card","draft; pending compliance-qa"
"C04","trigger: new baby","New baby. New bond. Same old cover?","New baby. New bond. Same old cover. It happens a lot. Cover gets set up once, often years ago, and then nobody looks at it again. But a new child changes who depends on an income, and for how long. A licensed adviser can check if the old cover still fits the new family. 30 minutes on video, WhatsApp or phone. Free to check, and you decide after. Tap to check your cover.","New family, old cover? Check it.","Check my cover","video","4:5","same as 9:16","draft; pending compliance-qa"
"C04","trigger: new baby","New baby. New bond. Same old cover?","New baby. New bond. Same old cover. It happens a lot. Cover gets set up once, often years ago, and then nobody looks at it again. But a new child changes who depends on an income, and for how long. A licensed adviser can check if the old cover still fits the new family. 30 minutes on video, WhatsApp or phone. Free to check, and you decide after. Tap to check your cover.","New family, old cover? Check it.","Check my cover","carousel","1:1","","draft; pending compliance-qa"
"C05","trigger: turned 40","At 40, life is bigger than the cover.","At 40, life is bigger than it was. A bond. Kids in school. Maybe parents to help. Cover set up at 28 was built for a smaller life. Nobody sends a reminder to check it. A licensed adviser can look at what still fits, in 30 minutes. On video, WhatsApp or phone. Free to check, and you decide after. Tap to check your cover.","At 40, check what still fits","Check my cover","video","9:16","20s | 0.0 hook; outer frame starts growing | 2.0 labels Bond. Kids. School.; CAP Life got bigger. | 4.5 amber box Cover at 28 stays small; CAP The cover did not grow with it. (payoff) | 7.5 CAP Nobody sends a reminder to check. | 10.0 CAP A licensed adviser looks at what still fits. 30 minutes. | 14.0 CAP Video, WhatsApp or phone. Free. | 17.0 end card","draft; pending compliance-qa"
"C05","trigger: turned 40","At 40, life is bigger than the cover.","At 40, life is bigger than it was. A bond. Kids in school. Maybe parents to help. Cover set up at 28 was built for a smaller life. Nobody sends a reminder to check it. A licensed adviser can look at what still fits, in 30 minutes. On video, WhatsApp or phone. Free to check, and you decide after. Tap to check your cover.","At 40, check what still fits","Check my cover","video","4:5","same as 9:16; steps stacked","draft; pending compliance-qa"
"C05","trigger: turned 40","At 40, life is bigger than the cover.","At 40, life is bigger than it was. A bond. Kids in school. Maybe parents to help. Cover set up at 28 was built for a smaller life. Nobody sends a reminder to check it. A licensed adviser can look at what still fits, in 30 minutes. On video, WhatsApp or phone. Free to check, and you decide after. Tap to check your cover.","At 40, check what still fits","Check my cover","static","1:1","","draft; pending compliance-qa"
"C06","extended-family responsibility","Many families carry more than one household.","Many families carry more than one household. A parent's rent. A sibling's school fees. A cousin who stays for a while. That support often runs on one income. Cover is often set up for the people under one roof only. A licensed adviser can count everyone who relies on that income. 30 minutes on video, WhatsApp or phone. Free to check, and you decide after. Tap to check your cover.","Count everyone one income carries","Check my cover","video","9:16","22s | 0.0 hook + two house outlines; amber line one income draws | 2.5 third house; CAP A parent's rent. A sibling's fees. | 5.0 CAP Often all on one income. (payoff) | 7.5 CAP Cover is often set up for one roof only. | 10.5 CAP A licensed adviser counts everyone who relies on it. | 14.5 CAP 30 minutes. Video, WhatsApp or phone. Free. | 19.0 end card","draft; pending compliance-qa"
"C06","extended-family responsibility","Many families carry more than one household.","Many families carry more than one household. A parent's rent. A sibling's school fees. A cousin who stays for a while. That support often runs on one income. Cover is often set up for the people under one roof only. A licensed adviser can count everyone who relies on that income. 30 minutes on video, WhatsApp or phone. Free to check, and you decide after. Tap to check your cover.","Count everyone one income carries","Check my cover","video","4:5","same as 9:16; houses in a row","draft; pending compliance-qa"
"C06","extended-family responsibility","Many families carry more than one household.","Many families carry more than one household. A parent's rent. A sibling's school fees. A cousin who stays for a while. That support often runs on one income. Cover is often set up for the people under one roof only. A licensed adviser can count everyone who relies on that income. 30 minutes on video, WhatsApp or phone. Free to check, and you decide after. Tap to check your cover.","Count everyone one income carries","Check my cover","static","1:1","","draft; pending compliance-qa"
"C07","extended-family responsibility","Parents, kids, a sister's fees. One payslip.","Parents. Kids. A sister's study fees. All on one payslip. In many homes that is normal, and it is done with love. It also means more people rely on one income than a form might show. A licensed adviser can map out who depends on that income, and what the cover needs to do. 30 minutes on video, WhatsApp or phone. Free to check, and you decide after. Tap to check your cover.","One payslip. Many people. Check it.","Check my cover","video","9:16","20s | 0.0 payslip outline; line 1 Parents fills | 1.5 Kids | 3.0 Sister's fees; CAP hook | 4.5 CAP More people rely on one income than a form might show. (payoff) | 8.0 CAP Done with love. Worth counting. | 10.5 CAP A licensed adviser maps out who depends on it. | 14.0 CAP 30 minutes. Free to check. | 17.0 end card","draft; pending compliance-qa"
"C07","extended-family responsibility","Parents, kids, a sister's fees. One payslip.","Parents. Kids. A sister's study fees. All on one payslip. In many homes that is normal, and it is done with love. It also means more people rely on one income than a form might show. A licensed adviser can map out who depends on that income, and what the cover needs to do. 30 minutes on video, WhatsApp or phone. Free to check, and you decide after. Tap to check your cover.","One payslip. Many people. Check it.","Check my cover","video","4:5","same as 9:16; payslip at 80%","draft; pending compliance-qa"
"C07","extended-family responsibility","Parents, kids, a sister's fees. One payslip.","Parents. Kids. A sister's study fees. All on one payslip. In many homes that is normal, and it is done with love. It also means more people rely on one income than a form might show. A licensed adviser can map out who depends on that income, and what the cover needs to do. 30 minutes on video, WhatsApp or phone. Free to check, and you decide after. Tap to check your cover.","One payslip. Many people. Check it.","Check my cover","static","1:1","","draft; pending compliance-qa"
"C08","virtual convenience","No sales visit. No jargon. 30 minutes.","No sales visit. No jargon. Nobody at the front door. Just 30 minutes with a licensed adviser, on video, WhatsApp or phone. Pick a time that suits, right inside WhatsApp. The adviser looks at the real numbers and explains the gap in plain words. Free to check, and you decide after. Tap to check your cover.","30 minutes. No sales visit.","Check my cover","video","9:16","18s | 0.0 Sales visit / Jargon / Front-door knock; amber strikes draw at 0.0, 1.0, 2.0 | 3.0 30 minutes lands; CAP hook | 4.5 chips; CAP With a licensed adviser. (payoff) | 7.5 generic time-picker mock, no names; CAP Pick a time inside WhatsApp. | 11.0 CAP Plain words. Real numbers. | 13.5 CAP Free to check. You decide after. | 15.5 end card","draft; pending compliance-qa"
"C08","virtual convenience","No sales visit. No jargon. 30 minutes.","No sales visit. No jargon. Nobody at the front door. Just 30 minutes with a licensed adviser, on video, WhatsApp or phone. Pick a time that suits, right inside WhatsApp. The adviser looks at the real numbers and explains the gap in plain words. Free to check, and you decide after. Tap to check your cover.","30 minutes. No sales visit.","Check my cover","video","4:5","same as 9:16","draft; pending compliance-qa"
"C08","virtual convenience","No sales visit. No jargon. 30 minutes.","No sales visit. No jargon. Nobody at the front door. Just 30 minutes with a licensed adviser, on video, WhatsApp or phone. Pick a time that suits, right inside WhatsApp. The adviser looks at the real numbers and explains the gap in plain words. Free to check, and you decide after. Tap to check your cover.","30 minutes. No sales visit.","Check my cover","static","1:1","","draft; pending compliance-qa"
"C09","virtual convenience","Lunch break. Phone or video. 30 minutes.","Lunch break. Phone or video. 30 minutes. That is all a cover check takes. No office visit, no traffic, no one in the lounge. A licensed adviser calls at the time picked in WhatsApp. They look at the real numbers and talk through the gap. A reminder comes before the call, and moving it is one tap. Free to check, and you decide after. Tap to check your cover.","A cover check in a lunch break","Check my cover","video","9:16","20s | 0.0 clock + hook; amber wedge sweeps 12:30 to 13:00 | 2.5 CAP That is all a cover check takes. (payoff) | 5.0 CAP No office. No traffic. No one in the lounge. | 8.0 CAP A licensed adviser calls at the time picked in WhatsApp. | 11.5 reminder bubble mock; CAP A reminder first. Moving it is one tap. | 14.5 CAP Free to check. You decide after. | 17.0 end card","draft; pending compliance-qa"
"C09","virtual convenience","Lunch break. Phone or video. 30 minutes.","Lunch break. Phone or video. 30 minutes. That is all a cover check takes. No office visit, no traffic, no one in the lounge. A licensed adviser calls at the time picked in WhatsApp. They look at the real numbers and talk through the gap. A reminder comes before the call, and moving it is one tap. Free to check, and you decide after. Tap to check your cover.","A cover check in a lunch break","Check my cover","video","4:5","same as 9:16","draft; pending compliance-qa"
"C09","virtual convenience","Lunch break. Phone or video. 30 minutes.","Lunch break. Phone or video. 30 minutes. That is all a cover check takes. No office visit, no traffic, no one in the lounge. A licensed adviser calls at the time picked in WhatsApp. They look at the real numbers and talk through the gap. A reminder comes before the call, and moving it is one tap. Free to check, and you decide after. Tap to check your cover.","A cover check in a lunch break","Check my cover","static","1:1","","draft; pending compliance-qa"
"C10","self-employed / no group cover","No boss. No payslip. No group cover.","No boss. No payslip. No group cover. People who work for themselves do not get the life cover that comes with a job. The only cover is the cover they set up. It is easy to put off when the business comes first. A licensed adviser can look at the real numbers in 30 minutes. On video, WhatsApp or phone, between jobs. Free to check, and you decide after. Tap to check your cover.","No group cover? Check the gap.","Check my cover","video","9:16","20s | 0.0 No boss. | 1.0 No payslip. | 2.0 No group cover.; CAP hook | 3.5 CAP Self-employed means no work cover comes with it. (payoff) | 6.5 CAP The only cover is the one they set up. | 9.5 CAP Easy to put off when the business comes first. | 12.5 CAP A licensed adviser checks it in 30 minutes. Between jobs. | 16.5 end card","draft; pending compliance-qa"
"C10","self-employed / no group cover","No boss. No payslip. No group cover.","No boss. No payslip. No group cover. People who work for themselves do not get the life cover that comes with a job. The only cover is the cover they set up. It is easy to put off when the business comes first. A licensed adviser can look at the real numbers in 30 minutes. On video, WhatsApp or phone, between jobs. Free to check, and you decide after. Tap to check your cover.","No group cover? Check the gap.","Check my cover","video","4:5","same as 9:16","draft; pending compliance-qa"
"C10","self-employed / no group cover","No boss. No payslip. No group cover.","No boss. No payslip. No group cover. People who work for themselves do not get the life cover that comes with a job. The only cover is the cover they set up. It is easy to put off when the business comes first. A licensed adviser can look at the real numbers in 30 minutes. On video, WhatsApp or phone, between jobs. Free to check, and you decide after. Tap to check your cover.","No group cover? Check the gap.","Check my cover","static","1:1","","draft; pending compliance-qa"
"C11","self-employed / no group cover","Business owners: nobody sets up their cover.","Business owners plan stock, staff, tax and cash flow. Nobody plans their life cover for them. There is no HR team and no group scheme. If the owner is the business, the family relies on one person. A licensed adviser can look at the real numbers in 30 minutes, on video, WhatsApp or phone. Pick a time in WhatsApp that fits around the work. Free to check, and you decide after. Tap to check your cover.","When the owner is the business","Check my cover","video","9:16","20s | 0.0 to-do list + hook; ticks run Stock/Staff/Tax/Cash flow | 2.5 stop at empty amber box Own cover; CAP Nobody plans it for them. (payoff) | 5.0 CAP No HR team. No group scheme. | 7.5 CAP When the owner is the business, a family relies on one person. | 11.0 CAP A licensed adviser checks the real numbers. 30 minutes. | 14.5 CAP Book around the work, in WhatsApp. Free. | 17.0 end card","draft; pending compliance-qa"
"C11","self-employed / no group cover","Business owners: nobody sets up their cover.","Business owners plan stock, staff, tax and cash flow. Nobody plans their life cover for them. There is no HR team and no group scheme. If the owner is the business, the family relies on one person. A licensed adviser can look at the real numbers in 30 minutes, on video, WhatsApp or phone. Pick a time in WhatsApp that fits around the work. Free to check, and you decide after. Tap to check your cover.","When the owner is the business","Check my cover","video","4:5","same as 9:16","draft; pending compliance-qa"
"C11","self-employed / no group cover","Business owners: nobody sets up their cover.","Business owners plan stock, staff, tax and cash flow. Nobody plans their life cover for them. There is no HR team and no group scheme. If the owner is the business, the family relies on one person. A licensed adviser can look at the real numbers in 30 minutes, on video, WhatsApp or phone. Pick a time in WhatsApp that fits around the work. Free to check, and you decide after. Tap to check your cover.","When the owner is the business","Check my cover","static","1:1","","draft; pending compliance-qa"
"C12","myth-bust","Life cover costs less than most people think.","Life cover costs less than most people think. The only way to know is to check. The real cost depends on age, health, smoking and what the cover must do. A licensed adviser works it out with the real numbers in about 30 minutes. On video, WhatsApp or phone. There is no price in this ad, on purpose. Every family is different. Free to check, and you decide after. Tap to check your cover.","Life cover: check the real cost","Check my cover","video","9:16","18s | 0.0 MYTH card Cover costs a fortune. + hook; amber strike draws | 2.0 FACT flips; CAP Costs less than most people think. | 4.0 CAP The real cost depends on age, health, smoking and the cover. (payoff) | 7.5 CAP No price in this ad. On purpose. | 10.0 CAP A licensed adviser works it out. 30 minutes. | 13.0 CAP Free to check. You decide after. | 15.0 end card","draft; pending compliance-qa (claim needs source)"
"C12","myth-bust","Life cover costs less than most people think.","Life cover costs less than most people think. The only way to know is to check. The real cost depends on age, health, smoking and what the cover must do. A licensed adviser works it out with the real numbers in about 30 minutes. On video, WhatsApp or phone. There is no price in this ad, on purpose. Every family is different. Free to check, and you decide after. Tap to check your cover.","Life cover: check the real cost","Check my cover","video","4:5","same as 9:16","draft; pending compliance-qa (claim needs source)"
"C12","myth-bust","Life cover costs less than most people think.","Life cover costs less than most people think. The only way to know is to check. The real cost depends on age, health, smoking and what the cover must do. A licensed adviser works it out with the real numbers in about 30 minutes. On video, WhatsApp or phone. There is no price in this ad, on purpose. Every family is different. Free to check, and you decide after. Tap to check your cover.","Life cover: check the real cost","Check my cover","static","1:1","","draft; pending compliance-qa (claim needs source)"
"C13","myth-bust","Checking cover is not the same as buying.","Checking cover is not the same as buying it. A cover check is a 30-minute talk with a licensed adviser. They look at the real numbers and show where the gaps are. Then the choice is yours, in your own time. Saying not now is a normal answer. The check is free, on video, WhatsApp or phone. Tap to check your cover.","A check, not a sale","Check my cover","video","9:16","18s | 0.0 Checking / Buying + amber not-equal sign drops; CAP hook | 2.5 CAP A check is a 30-minute talk with a licensed adviser. (payoff) | 5.5 CAP Real numbers. Where the gaps are. | 8.5 CAP Then the choice is yours. | 11.0 CAP 'Not now' is a normal answer. | 13.5 CAP Free. Video, WhatsApp or phone. | 15.5 end card","draft; pending compliance-qa"
"C13","myth-bust","Checking cover is not the same as buying.","Checking cover is not the same as buying it. A cover check is a 30-minute talk with a licensed adviser. They look at the real numbers and show where the gaps are. Then the choice is yours, in your own time. Saying not now is a normal answer. The check is free, on video, WhatsApp or phone. Tap to check your cover.","A check, not a sale","Check my cover","video","4:5","same as 9:16; columns side by side","draft; pending compliance-qa"
"C13","myth-bust","Checking cover is not the same as buying.","Checking cover is not the same as buying it. A cover check is a 30-minute talk with a licensed adviser. They look at the real numbers and show where the gaps are. Then the choice is yours, in your own time. Saying not now is a normal answer. The check is free, on video, WhatsApp or phone. Tap to check your cover.","A check, not a sale","Check my cover","static","1:1","","draft; pending compliance-qa"
"C14","what the call is","Here's exactly what happens on the call.","Here's exactly what happens. Step 1: answer a few quick questions. Step 2: a WhatsApp message arrives in about a minute, with the adviser's name, photo and licence number. Step 3: pick a time in WhatsApp. Step 4: a 30-minute call on video, WhatsApp or phone. The adviser looks at the real numbers and explains the gap. Step 5: you decide after. No sales visit. Free to check. Tap to check your cover.","See every step before booking","Check my cover","video","9:16","28s | 0.0 phone frame + hook; step 1 lights; CAP Here's exactly what happens. | 2.5 form mock; CAP 1. A few quick questions. | 5.0 intro-card mock with grey bars + tick avatar labelled Example screen (no face, name or FSP no.); CAP 2. A WhatsApp in about a minute: adviser name, photo, licence number. (payoff) | 9.0 time-picker; CAP 3. Pick a time in WhatsApp. | 12.0 call screen 30:00; CAP 4. 30 minutes. Video, WhatsApp or phone. | 15.5 CAP The adviser looks at the real numbers and explains the gap. | 19.5 CAP 5. You decide after. | 22.0 CAP No sales visit. Free to check. | 25.0 end card","submit-first; pending compliance-qa"
"C14","what the call is","Here's exactly what happens on the call.","Here's exactly what happens. Step 1: answer a few quick questions. Step 2: a WhatsApp message arrives in about a minute, with the adviser's name, photo and licence number. Step 3: pick a time in WhatsApp. Step 4: a 30-minute call on video, WhatsApp or phone. The adviser looks at the real numbers and explains the gap. Step 5: you decide after. No sales visit. Free to check. Tap to check your cover.","See every step before booking","Check my cover","video","4:5","same as 9:16; phone at 85%","submit-first; pending compliance-qa"
"C14","what the call is","Here's exactly what happens on the call.","Here's exactly what happens. Step 1: answer a few quick questions. Step 2: a WhatsApp message arrives in about a minute, with the adviser's name, photo and licence number. Step 3: pick a time in WhatsApp. Step 4: a 30-minute call on video, WhatsApp or phone. The adviser looks at the real numbers and explains the gap. Step 5: you decide after. No sales visit. Free to check. Tap to check your cover.","See every step before booking","Check my cover","static","1:1","","submit-first; pending compliance-qa"
"C15","what the call is","Real numbers. A licensed adviser. Decide after.","Real numbers. A licensed adviser. Decide after. That is the whole call. SortMyCover does not sell cover or give advice. We find a time with a licensed adviser, and they do the check. They look at the bond, the income and who depends on it. They explain the gap in plain words. 30 minutes, on video, WhatsApp or phone. Free to check. Tap to check your cover.","Real numbers. Licensed adviser.","Check my cover","video","9:16","18s | 0.0 Real numbers. | 1.0 A licensed adviser. | 2.0 Decide after.; amber underline moves; CAP hook | 3.5 CAP That is the whole call. (payoff) | 5.5 CAP SortMyCover does not sell cover or give advice. | 8.5 CAP A licensed adviser looks at the bond, the income, who depends on it. | 12.0 CAP 30 minutes. Video, WhatsApp or phone. Free. | 15.0 end card","draft; pending compliance-qa"
"C15","what the call is","Real numbers. A licensed adviser. Decide after.","Real numbers. A licensed adviser. Decide after. That is the whole call. SortMyCover does not sell cover or give advice. We find a time with a licensed adviser, and they do the check. They look at the bond, the income and who depends on it. They explain the gap in plain words. 30 minutes, on video, WhatsApp or phone. Free to check. Tap to check your cover.","Real numbers. Licensed adviser.","Check my cover","video","4:5","same as 9:16","draft; pending compliance-qa"
"C15","what the call is","Real numbers. A licensed adviser. Decide after.","Real numbers. A licensed adviser. Decide after. That is the whole call. SortMyCover does not sell cover or give advice. We find a time with a licensed adviser, and they do the check. They look at the bond, the income and who depends on it. They explain the gap in plain words. 30 minutes, on video, WhatsApp or phone. Free to check. Tap to check your cover.","Real numbers. Licensed adviser.","Check my cover","static","1:1","","draft; pending compliance-qa"
